data,WND,WNS,RNF,WNG,HMD,SRD,BAR,TMPC,TMP,DEW
2017-03-29,85.5,0,0,0,27.425,0,766.8,22.2,22.675,2.85
2017-04-28,240,3.7333333333333334,0.08,18.066666666666666,56.28666666666667,159.6,748.8066666666666,13.933333333333334,13.22,4.3933333333333335
2017-04-29,137.58333333333334,6.791666666666667,0,17.291666666666668,54.104166666666664,321.2916666666667,749.775,15.791666666666666,12.8875,2.5541666666666667
2017-04-30,182.625,0.6666666666666666,0,7.958333333333333,53.6625,315.75,749.9666666666667,16.766666666666666,14.166666666666666,3.6166666666666667
2017-05-01,200.91666666666666,3.375,0,13.708333333333334,56.22083333333333,232.83333333333334,750.4208333333333,16.566666666666666,14.658333333333333,5.079166666666667
2017-05-02,138.33333333333334,1.4583333333333333,0,8.791666666666666,56.9625,327.0833333333333,752.875,17.883333333333333,15.045833333333334,4.675
2017-05-03,162.41666666666666,0.7916666666666666,0,8.708333333333334,46.95,303.5416666666667,752.9958333333333,19.1875,16.40833333333333,3.8791666666666664
2017-05-04,129.20833333333334,0.6666666666666666,0.058333333333333334,7.583333333333333,50.37916666666666,203.20833333333334,751.9,18.825,16.5125,5.879166666666666
2017-05-05,210.54166666666666,1.2083333333333333,0.029166666666666664,8.916666666666666,53.170833333333334,331.2083333333333,751.0791666666667,20.454166666666666,17.758333333333333,6.6125
2017-05-06,208.29166666666666,2.6666666666666665,0.029166666666666664,15.125,53.8125,187.91666666666666,749.8625,19.245833333333334,17.770833333333332,7.658333333333333
2017-05-07,144.5,1.125,0.1875,9.375,65.59583333333333,168.625,747.3833333333333,18.295833333333334,16.504166666666666,9.729166666666666
2017-05-08,150.83333333333334,1.1666666666666667,6.141666666666667,9.375,79.4,229.625,747.425,16.766666666666666,14.479166666666666,10.495833333333334
2017-05-09,186.04166666666666,0.875,0,6.333333333333333,75.25416666666666,235.54166666666666,746.7916666666666,16.525,14.5,9.475
2017-05-10,212.20833333333334,1.3333333333333333,0,9.583333333333334,67.02083333333333,324.9583333333333,748.0666666666667,19.833333333333332,16.558333333333334,9.6375
2017-05-11,176.45833333333334,1.6666666666666667,0,10.333333333333334,58.00833333333333,264.6666666666667,745.1625,21.529166666666665,19.420833333333334,9.6875
2017-05-12,207.95833333333334,1.7083333333333333,0,11.875,50.22083333333333,289.75,744.7,24.1625,21.870833333333334,10.429166666666667
2017-05-13,232.66666666666666,1.0416666666666667,0,9.25,52.2,320.4166666666667,749.5833333333334,24.3875,21.220833333333335,10.383333333333333
2017-05-14,238.625,1.25,0,11.125,54.25416666666666,321.375,754.5041666666667,23.895833333333332,20.845833333333335,10.533333333333333
2017-05-15,242.625,2.125,0,11.416666666666666,58.19166666666666,323.5416666666667,756.1708333333333,23.133333333333333,19.916666666666668,10.816666666666666
2017-05-16,230.04166666666666,6.25,0,18.666666666666668,45.8125,309.5,755.9166666666666,23.9375,21.225,8.066666666666666
2017-05-17,233.875,7.666666666666667,0,18.333333333333332,41.108333333333334,320.2916666666667,753.6041666666666,24.645833333333332,21.679166666666667,6.9125
2017-05-18,232.66666666666666,1.5833333333333333,0,11.791666666666666,39.21666666666667,348.8333333333333,750.9541666666667,24.925,21.958333333333332,6.554166666666666
2017-05-19,150.66666666666666,3.2083333333333335,0,15.125,44.50833333333333,286.3333333333333,750.0458333333333,23.704166666666666,21.454166666666666,8.2125
2017-05-20,210.125,2.9166666666666665,2.375,13.916666666666666,63.12916666666667,190.20833333333334,750.6166666666667,19.445833333333333,17.870833333333334,10.345833333333333
2017-05-21,234.375,8.5,0.020833333333333332,25.208333333333332,57.520833333333336,332.875,752.2,19.675,17.4,7.979166666666667
2017-05-22,174.95833333333334,1.2083333333333333,0,10.041666666666666,46.19166666666667,327.125,752.2083333333334,23.583333333333332,20.40833333333333,7.0875
2017-05-23,157.5,1.7083333333333333,0,9.541666666666666,48.18333333333334,283.25,751.7666666666667,24.183333333333334,21.454166666666666,9.275
2017-05-24,189.875,0.5416666666666666,0,8.291666666666666,47.891666666666666,264.2083333333333,751.6333333333333,24.716666666666665,22.46666666666667,9.85
2017-05-25,232.20833333333334,6.708333333333333,0.041666666666666664,19.666666666666668,44.49583333333333,277.7083333333333,749.95,23.375,21.2,7.645833333333333
2017-05-26,191.875,7.291666666666667,0,18.708333333333332,37.166666666666664,333.2083333333333,751.525,22.883333333333333,19.733333333333334,3.7958333333333334
2017-05-27,198.08333333333334,7.291666666666667,0,18.458333333333332,37.5875,308.4583333333333,752.625,23.658333333333335,20.52916666666667,4.35
2017-05-28,173.58333333333334,5.625,0,18.166666666666668,35.03333333333333,332.7083333333333,753.5458333333333,26.379166666666666,23.6,6.595833333333333
2017-05-29,183.125,1.2083333333333333,0,11.125,39.670833333333334,335.5833333333333,752.0208333333334,25.854166666666668,22.525,7.058333333333334
2017-05-30,170.75,2.1666666666666665,0,12.333333333333334,38.72083333333333,334.4583333333333,751.525,25.9625,23.120833333333334,7.608333333333333
2017-05-31,187.29166666666666,2.125,0,10.958333333333334,39.604166666666664,329.0833333333333,753.7083333333334,26.208333333333332,23.270833333333332,7.629166666666666
2017-06-01,150.83333333333334,0.875,0,8.666666666666666,37.358333333333334,314.0833333333333,753.9208333333333,25.733333333333334,22.916666666666668,6.6125
2017-06-02,165.625,1.75,0,10.75,37,338.125,752.5333333333333,25.741666666666667,22.670833333333334,5.545833333333333
2017-06-03,154.875,1.5,0,10,40.65,335.25,750.35,26.129166666666666,23.09166666666667,7.570833333333333
2017-06-04,221.5,1.9166666666666667,0,10.833333333333334,45.55416666666667,310.3333333333333,749.0375,26.604166666666664,23.775,10.370833333333334
2017-06-05,193.04166666666666,1.875,0,12.5,49.5125,332.0416666666667,747.5166666666667,27.03333333333333,23.754166666666666,11.654166666666667
2017-06-06,137.58333333333334,4.166666666666667,0,14.958333333333334,49.50416666666667,223.54166666666666,746.3541666666666,25.591666666666665,23.895833333333332,12.108333333333333
2017-06-07,198.625,2.7083333333333335,0.13333333333333333,15.833333333333334,46.704166666666666,322.0833333333333,748.0875,99.92083333333333,24.395833333333332,11.120833333333334
2017-06-08,226.04166666666666,3.6666666666666665,0,12.791666666666666,41.52916666666667,320.3333333333333,750.9125,195.32916666666668,23.108333333333334,8.179166666666667
2017-06-09,228.29166666666666,1.75,0,10.416666666666666,36.545833333333334,338.3333333333333,750.4125,197.19166666666666,23.095833333333335,6.025
2017-06-10,230.04166666666666,1.0833333333333333,0,9.25,39.325,289.125,750.575,196.9375,24.129166666666666,8.445833333333333
2017-06-11,238.08333333333334,6.333333333333333,0,16.25,35.108333333333334,323.6666666666667,750.3125,202.8,25.3,6.691666666666666
2017-06-12,185.83333333333334,2.2083333333333335,0,13.458333333333334,30.108333333333334,334,750.3208333333333,204.37916666666666,25.2625,5.779166666666667
2017-06-13,185.08333333333334,2.0416666666666665,0,12.5,35.42916666666667,329.375,749.4416666666667,206.91666666666666,26.816666666666666,9.2625
2017-06-14,194.58333333333334,1.25,0,9.958333333333334,39.375,281.2916666666667,749.2,204.3125,26.658333333333335,10.475
2017-06-15,181.625,1.5,0,10.375,37.6,320.75,749.125,207.27916666666667,26.941666666666666,9.95
2017-06-16,198.625,2.3333333333333335,0,11.291666666666666,47.516666666666666,332.125,748.6,208.67916666666667,27.708333333333336,14.291666666666666
2017-06-17,261.5833333333333,5.541666666666667,0,15.625,44.00833333333333,312.625,747.1583333333333,209.20416666666665,27.9375,12.5
2017-06-18,253.04166666666666,11.083333333333334,0,25.958333333333332,28.220833333333335,337.9583333333333,750.3833333333333,202.02916666666667,24.9625,4.354166666666667
2017-06-19,210.83333333333334,2.2083333333333335,0,12,32.62916666666666,341.2083333333333,752.8416666666667,204.65,25.220833333333335,6.408333333333333
2017-06-20,209.70833333333334,3.25,0,15,35.59166666666667,334.3333333333333,752.2791666666667,206.15416666666667,26.175,8.95
2017-06-21,228.79166666666666,2.4166666666666665,0,10.833333333333334,36.35,334.2083333333333,750.5166666666667,206.60416666666666,26.579166666666666,9.158333333333333
2017-06-22,184.58333333333334,2,0,10.583333333333334,35.4,327.125,750.85,209.20833333333334,27.59583333333333,9.870833333333334
2017-06-23,164.41666666666666,2.1666666666666665,0,11.333333333333334,36.62083333333333,323.4166666666667,751.4125,209.3,28.054166666666667,10.495833333333334
2017-06-24,211.79166666666666,2.25,0,11.25,41.5375,324.4166666666667,750.2333333333333,211.175,28.34583333333333,13.066666666666666
2017-06-25,218.70833333333334,4.833333333333333,0,16.416666666666668,56.895833333333336,331.6666666666667,748.7416666666667,205.95000000000002,27.195833333333333,17.241666666666667
2017-06-26,173.875,2.5833333333333335,0,12.416666666666666,43.916666666666664,333.375,747.3083333333334,207.475,28.275,13.070833333333333
2017-06-27,172.66666666666666,4.666666666666667,0,18.5,47.09583333333333,308.875,744.6458333333334,206.65833333333333,28.795833333333334,15.375
2017-06-28,228.5,4.541666666666667,0.3416666666666667,21.291666666666668,58.387499999999996,113.875,743.1583333333333,191.54166666666666,25.7125,16.475
2017-06-29,165.04166666666666,9.791666666666666,0.008333333333333333,29.25,48.62083333333334,276.1666666666667,743.2083333333334,189.6375,25.741666666666667,13.6125
2017-06-30,177.41666666666666,1.8333333333333333,0.6208333333333333,12.75,68.76666666666667,120.58333333333333,747.4041666666667,182.94583333333333,22.55,16.216666666666665
2017-07-01,191.25,1.5833333333333333,0.029166666666666667,9.833333333333334,61.77916666666667,302.3333333333333,749.2,181.8375,21.695833333333333,12.35
2017-07-02,233.875,2.9583333333333335,0,11.5,42.07083333333333,345.9166666666667,748.5541666666667,192.51666666666668,22.9875,7.945833333333334
2017-07-03,214.25,4.875,0,14.166666666666666,38.204166666666666,328.0833333333333,750.8875,199.83333333333334,24.85,8.083333333333334
2017-07-04,192.83333333333334,1.7083333333333333,0,11.208333333333334,32.9875,320.3333333333333,751.8125,206.19583333333333,26.975,8.3375
2017-07-05,249.08333333333334,2.1666666666666665,0,10.333333333333334,34.78333333333333,321.75,751.6708333333333,208.44166666666666,27.4125,8.95
2017-07-06,239.58333333333334,1.625,0,10.541666666666666,29.45,322.4583333333333,751.8833333333333,210.47916666666666,27.958333333333332,6.025
2017-07-07,187.79166666666666,1.7083333333333333,0,11.416666666666666,29.09166666666667,331.7916666666667,751.3583333333333,212.4,28.854166666666668,7.795833333333333
2017-07-08,207.16666666666666,1.3333333333333333,0,8.791666666666666,28.325,329.875,749.7625,212.5,28.875,7.041666666666667
2017-07-09,233.45833333333334,1.7916666666666667,0,12.083333333333334,28.020833333333332,322.5833333333333,748.5791666666667,213.66666666666666,29.308333333333334,7.895833333333333
2017-07-10,155.625,7.333333333333333,0,20.333333333333332,32.1375,323.5833333333333,747.7375,210.65416666666667,28.725,9.391666666666667
2017-07-11,190.91666666666666,3.5,0,15,46.36666666666667,327.5,749.225,211.63333333333333,28.4625,14.3375
2017-07-12,217.58333333333334,2.625,0,13.958333333333334,38.74583333333333,313.5833333333333,748.3166666666667,212.4125,28.84166666666667,12.508333333333333
2017-07-13,202.625,1.5833333333333333,0,10.916666666666666,35.15833333333333,331.4166666666667,746.2958333333333,214.39583333333334,29.558333333333334,11.520833333333334
2017-07-14,201.875,1.5,0.32499999999999996,9.583333333333334,49.3625,272.2083333333333,745.0416666666666,208.0375,27.629166666666666,15.7625
2017-07-15,242.70833333333334,4.833333333333333,0,14.416666666666666,43.87083333333333,318.6666666666667,746.0625,207.75,26.775,11.366666666666667
2017-07-16,249.2608695652174,10.956521739130435,0,27.608695652173914,28.017391304347825,344.2173913043478,747.5652173913044,199.1695652173913,21.295652173913044,4.427272727272727
2017-07-17,230.16666666666666,6.708333333333333,0,18.5,29.320833333333333,322.125,751.6083333333333,201.025,24.391666666666666,4.2
2017-07-18,190.41666666666666,1.9583333333333333,0,11.333333333333334,28.6875,326.625,751.7833333333333,205.12083333333334,25.608333333333334,4.5875
2017-07-19,184.79166666666666,1.5416666666666667,0,10.75,33.75416666666667,314.0416666666667,751.4416666666667,205.35,25.779166666666665,7.495833333333334
2017-07-20,170.08333333333334,1.25,0,10.583333333333334,35.53333333333333,308.9583333333333,748.9375,206.975,26.583333333333332,8.229166666666666
2017-07-21,169.08333333333334,3.5833333333333335,0,13.041666666666666,33.016666666666666,306.9166666666667,747.9666666666667,206.875,26.808333333333334,7.5
2017-07-22,156.91666666666666,3.625,0,15.125,35.9875,304.2916666666667,748.3416666666667,210.15416666666667,28.3,11.35
2017-07-23,182.29166666666666,2.0416666666666665,0,12.791666666666666,47.954166666666666,302.4583333333333,748.9125,212.94166666666666,29.375,15.4625
2017-07-24,135.35416666666666,4.055555555555555,0.15208333333333332,17.32986111111111,49.92256944444444,183.47916666666666,743.2947916666667,142.75868055555554,25.129166666666666,13.463541666666666
2017-07-25,144.75694444444446,2.8090277777777777,0.10486111111111111,9.840277777777779,68.68194444444444,188.17708333333334,738.5427083333334,114.70763888888888,17.64097222222222,11.483680555555555
2017-07-26,138.61111111111111,2.53125,0.020833333333333332,9.121527777777779,56.92395833333333,330.5729166666667,739.3628472222223,47.22430555555555,18.469444444444445,8.609027777777778
2017-07-27,146.91319444444446,2.9166666666666665,0,11.26736111111111,49.68541666666667,325.5798611111111,742.0059027777778,103.12256944444444,20.903125,8.692708333333334
2017-07-28,173.08333333333334,3.638888888888889,0,11.260416666666666,51.842013888888886,336.1111111111111,744.5059027777778,97.93194444444444,22.201041666666665,11.415972222222223
2017-07-29,169.38888888888889,2.7152777777777777,0,8.996527777777779,50.81597222222222,332.81944444444446,746.5559027777778,122.45868055555556,24.06284722222222,11.696180555555555
2017-07-30,194.65625,1.0555555555555556,0,5.482638888888889,44.99444444444445,328.88194444444446,746.1114583333333,163.25486111111113,24.60972222222222,10.491666666666667
2017-07-31,182.81944444444446,1.8958333333333333,0,6.125,39.347569444444446,325.53472222222223,745.9236111111111,206.81840277777778,26.541666666666668,9.287847222222222
2017-08-01,158.94097222222223,1.4652777777777777,0,6.204861111111111,34.145833333333336,327.80902777777777,746.3048611111111,212.03611111111113,28.226041666666667,8.734722222222222
2017-08-02,179.66666666666666,1.375,0,6.329861111111111,27.85798611111111,323.97569444444446,746.8986111111111,213.14166666666665,28.535763888888887,6.089236111111111
2017-08-03,171.42361111111111,1.8368055555555556,0,6.802083333333333,29.214236111111113,314.66319444444446,745.3322916666667,215.31805555555556,29.325347222222224,7.792708333333334
2017-08-04,186.86458333333334,1.5902777777777777,0,6.135416666666667,28.36875,317.3125,743.3631944444444,215.76319444444445,29.31076388888889,7.402430555555556
2017-08-05,162.69791666666666,3.8958333333333335,0,10.871527777777779,26.384027777777778,303.4826388888889,742.4013888888888,214.25381944444445,29.12638888888889,6.795833333333333
2017-08-06,172.04166666666666,2.6041666666666665,0,9.1875,32.372569444444444,323.44444444444446,742.0642361111111,213.91770833333334,28.269444444444446,9.350694444444445
2017-08-07,172.07986111111111,1.5694444444444444,0,7.236111111111111,34.37916666666667,332.71527777777777,742.8934027777777,214.5857638888889,28.292708333333334,9.166319444444445
2017-08-08,141.66319444444446,3.3194444444444446,0,10.291666666666666,31.44097222222222,315.84027777777777,743.5944444444444,212.478125,28.008333333333333,8.433680555555556
2017-08-09,184.80555555555554,3.2291666666666665,0,9.895833333333334,32.00347222222222,314.4236111111111,743.5340277777777,213.03576388888888,28.468055555555555,9.109375
2017-08-10,172.92708333333334,4.850694444444445,0,13.315972222222221,39.43819444444444,293.8958333333333,743.078125,210.90069444444444,27.65798611111111,11.911805555555556
2017-08-11,190.00347222222223,7.319444444444445,0,17.1875,45.503125,282.97569444444446,744.1694444444445,199.2215277777778,23.178125,9.958680555555555
2017-08-12,178.48611111111111,5.215277777777778,0.46041666666666664,16.95138888888889,51.15972222222222,239.14583333333334,748.4163194444444,189.93333333333334,19.870486111111113,8.677430555555556
2017-08-13,258.7083333333333,5.75,0,16.708333333333332,45.795833333333334,303.5,751.125,196.86666666666667,22.725,8.654166666666667
2017-08-14,213.79166666666666,2.2083333333333335,0,10.958333333333334,37.47083333333333,304,751.8625,202.95833333333334,25.108333333333334,8.1875
2017-08-15,194.83333333333334,1.7083333333333333,0,10.083333333333334,39.80416666666667,301.25,752.2583333333333,207.10833333333332,26.8,10.083333333333334
2017-08-16,228.83333333333334,1.9166666666666667,0,8.583333333333334,32.50416666666667,295.0416666666667,750.5833333333334,209.07083333333333,27.675,8.0125
2017-08-17,194.58333333333334,2.4583333333333335,0,9.916666666666666,30.145833333333332,298.6666666666667,749.3291666666667,211.57083333333333,28.5,8.095833333333333
2017-08-18,220.83333333333334,1.5416666666666667,0,10.125,34.020833333333336,294.4166666666667,749.4458333333333,212.5875,29.220833333333335,10.433333333333334
2017-08-19,216.41666666666666,2.2083333333333335,0,12.625,34.575,282.0833333333333,748.5291666666667,210.84166666666667,28.583333333333332,10.458333333333334
2017-08-20,222.54166666666666,5.25,0,18.208333333333332,46.458333333333336,278.25,747.9083333333333,206.85,26.8875,13.35
2017-08-21,222.5,12,0,28.416666666666668,26.420833333333334,293.5416666666667,749.375,201.69583333333333,25.133333333333333,3.8958333333333335
2017-08-22,209,4.375,0,15.833333333333334,25.8125,272.4166666666667,751.1291666666666,200.91666666666666,24.775,2.6125
2017-08-23,188.04166666666666,1.6666666666666667,0,9.666666666666666,32.97083333333333,289.125,750.7416666666667,201.8625,24.5625,6.258333333333334
2017-08-24,200.875,0.9166666666666666,0,8.583333333333334,37.11666666666667,281.2083333333333,752.1875,205.73333333333335,26.291666666666668,9.204166666666666
2017-08-25,214.25,0.9166666666666666,0,7.583333333333333,37.12916666666666,278.7083333333333,752.825,205.54166666666666,26.25,8.308333333333334
2017-08-26,187.70833333333334,1.3333333333333333,0,9.125,36.575,276.0416666666667,751.0875,208.85,27.754166666666666,9.616666666666667
2017-08-27,219.79166666666666,1.1666666666666667,0,7.708333333333333,31.329166666666666,280.3333333333333,749.3416666666667,211.62083333333334,28.7125,7.3374999999999995
2017-08-28,190.54166666666666,1.8333333333333333,0,10.458333333333334,30.84166666666667,270.1666666666667,747.7791666666667,213.6375,29.454166666666666,8.266666666666667
2017-08-29,230.66666666666666,4.375,0,15.666666666666666,29.929166666666667,267.4166666666667,747.6958333333333,211.36666666666667,28.825,7.754166666666666
2017-08-30,223.875,1.625,0,11,29.516666666666666,261.4166666666667,749.1166666666667,207.95416666666668,27.308333333333334,6.891666666666667
2017-08-31,201.54166666666666,2.0833333333333335,0,11.125,44.270833333333336,252.125,750.025,208.85833333333332,27.791666666666668,13.454166666666666
2017-09-01,189.79166666666666,2.5416666666666665,1.7333333333333334,13.25,63.7625,144.95833333333334,749.7083333333334,195.6,24.2125,16.670833333333334
2017-09-02,188.04166666666666,5.083333333333333,0.016666666666666666,18.791666666666668,57.1125,220.58333333333334,746.425,193.74166666666667,23.945833333333333,14.241666666666667
2017-09-03,230.83333333333334,3.0833333333333335,0,14.333333333333334,46.979166666666664,263.75,747.4125,187.54583333333332,19.5375,7.420833333333333
2017-09-04,176.66666666666666,0.9583333333333334,0,10.458333333333334,43.09583333333333,271.4583333333333,751.3625,189.74583333333334,20.325,5.604166666666667
2017-09-05,214.70833333333334,1.125,0,8.708333333333334,50.1,266.2916666666667,753.3708333333333,194.08333333333334,22.425,10.020833333333334
2017-09-06,162,1.7083333333333333,0,10.541666666666666,52.7,202.29166666666666,752.4708333333333,193.83333333333334,22.6125,11.983333333333334
2017-09-07,167.95833333333334,3.2916666666666665,0,14.916666666666666,55.4875,245.25,748.3125,194.92916666666667,23.766666666666666,13.858333333333334
2017-09-08,153.45833333333334,1.6666666666666667,0,10.791666666666666,51.0625,243.375,747.6083333333333,192.46666666666667,22.258333333333333,10.7
2017-09-09,181.25,2.5833333333333335,0,11.458333333333334,54.6,218.45833333333334,745.7958333333333,188.70416666666668,20.5875,10.35
2017-09-10,174.33333333333334,5.125,2.7875,21.875,66.97916666666667,30.541666666666668,742.1625,180.75416666666666,19.991666666666667,13.2875
2017-09-11,148.125,1.125,0.24583333333333332,10.916666666666666,82.97916666666667,78.54166666666667,740.0416666666666,176.40416666666667,19.325,16.258333333333333
2017-09-12,167.16666666666666,3.875,0,16.375,65.65416666666667,216.375,745.9541666666667,181.4125,20.8375,13.2125
2017-09-13,167.5,0.25,0,6.083333333333333,56.329166666666666,251.45833333333334,752.6083333333333,186.27916666666667,20.754166666666666,10.604166666666666
2017-09-14,140.79166666666666,2.6666666666666665,0,12.208333333333334,62.483333333333334,231.08333333333334,751.9875,186.74583333333334,20.804166666666667,12.995833333333334
2017-09-15,214.41666666666666,1.875,0,11.25,59.2625,160.41666666666666,748.6,187.8375,22.95,14.3375
2017-09-16,187.95833333333334,4.458333333333333,0.058333333333333334,18.708333333333332,59.208333333333336,190.5,746.4166666666666,187.61666666666667,23.529166666666665,14.783333333333333
2017-09-17,184.54166666666666,0.7083333333333334,0.041666666666666664,9.041666666666666,60.02916666666667,207.5,749.7833333333333,179.95833333333334,19.329166666666666,10.341666666666667
2017-09-18,142.16666666666666,1.5833333333333333,0.029166666666666667,10.833333333333334,55.9,234.16666666666666,751.5416666666666,180.07083333333333,18.25,8.3375
2017-09-19,198.16666666666666,3.875,3.904166666666667,18.791666666666668,69.4625,190.04166666666666,748.0166666666667,172.58333333333334,16.691666666666666,10.445833333333333
2017-09-20,202.29166666666666,3.25,0,14.541666666666666,61.45,126.91666666666667,750.6,168.40416666666667,14.4,6.125
2017-09-21,162.08333333333334,0.5833333333333334,0,8.125,53.25,247.33333333333334,754.2708333333334,174.75833333333333,15.604166666666666,5.05
2017-09-22,152.95833333333334,0.4166666666666667,0,7.916666666666667,52.2375,243.58333333333334,755.275,178.875,17.46666666666667,5.958333333333333
2017-09-23,174.54166666666666,1.0833333333333333,0,9.833333333333334,51.166666666666664,234.66666666666666,755.425,180.10833333333335,17.9375,7.029166666666667
2017-09-24,153.70833333333334,0.2916666666666667,0,6.791666666666667,63.141666666666666,169.20833333333334,753.3333333333334,177.7625,17.25,9.495833333333334
2017-09-25,163.375,2.7916666666666665,0,9.666666666666666,68.775,181.16666666666666,752.6041666666666,176.18333333333334,16.266666666666666,9.966666666666667
2017-09-26,168.41666666666666,0.2916666666666667,0.008333333333333333,6.375,69.40416666666667,159.79166666666666,753.1833333333333,177.03333333333333,16.704166666666666,10.633333333333333
2017-09-27,185.54166666666666,1.5833333333333333,0,8.291666666666666,63.21666666666667,236.29166666666666,754.3958333333334,180.08333333333334,18.129166666666666,9.9625
2017-09-28,194.41666666666666,3.25,0,11.291666666666666,61.483333333333334,219.66666666666666,755.9666666666667,181.83333333333334,18.508333333333333,10.008333333333333
2017-09-29,231.41666666666666,3.25,0,11.166666666666666,58.93333333333333,221.83333333333334,754.9583333333334,180.64583333333334,17.65,8.475
2017-09-30,156.125,0.4583333333333333,0,6.541666666666667,56.1,215.75,753.5041666666667,179.825,17.025,7.416666666666667
2017-10-01,109.625,0.25,0,5.166666666666667,67.08333333333333,118.04166666666667,754.3458333333333,176.10833333333335,16.366666666666667,10.120833333333334
2017-10-02,137.58333333333334,0.20833333333333334,0,3.6666666666666665,66.49583333333334,180.79166666666666,755.5375,181,18.175,11.0625
2017-10-03,175.95833333333334,1.75,0,10.166666666666666,59.704166666666666,165.83333333333334,755.0875,182.2125,19.291666666666668,10.808333333333334
2017-10-04,118.29166666666667,0.25,0,5.875,58.449999999999996,209.08333333333334,756.0666666666667,184.2625,19.983333333333334,10.316666666666666
2017-10-05,176.375,0.9583333333333334,0,9.375,56.69166666666667,203.66666666666666,753.8,183.48333333333332,19.679166666666667,10.141666666666667
2017-10-06,202.70833333333334,2.4583333333333335,0.19166666666666668,14.875,63.34583333333333,103.875,746.4458333333333,180.87083333333334,18.854166666666668,11.575
2017-10-07,186.16666666666666,12.625,0.008333333333333333,37.833333333333336,32.05833333333333,205.125,752.4083333333333,176.78333333333333,16.6375,-0.38333333333333336
2017-10-08,147.41666666666666,1.7916666666666667,0,12.291666666666666,44.025,198.79166666666666,753.6041666666666,176.61666666666667,15.0625,2.4791666666666665
2017-10-09,158.08333333333334,0.6666666666666666,0,8.25,55.15833333333333,143.41666666666666,752.2166666666667,178.93333333333334,17.495833333333334,8.070833333333333
2017-10-10,143.04166666666666,0.20833333333333334,0,5.166666666666667,63.40833333333333,186.58333333333334,753.5625,179.30833333333334,16.645833333333332,8.8
2017-10-11,150.79166666666666,0.16666666666666666,0,4.375,60.6625,190,756.4458333333333,178.875,16.570833333333333,7.7
2017-10-12,178.25,0.16666666666666666,0,4.666666666666667,59.395833333333336,168.66666666666666,758.3458333333333,178.93333333333334,16.825,7.916666666666667
2017-10-13,124.75,0.08333333333333333,0,3.5833333333333335,66.75833333333333,184.95833333333334,759.125,178.45416666666668,16.504166666666666,9.691666666666666
2017-10-14,134,0,0,4,59.7125,186.08333333333334,759.6833333333334,179.2375,17.075,7.2875
2017-10-15,84.5,0,0,2.9583333333333335,54.42916666666667,184.16666666666666,760.4416666666666,178.57916666666668,16.804166666666667,5.945833333333334
2017-10-16,104.33333333333333,0,0,2.6666666666666665,50.67916666666667,182.625,760.1333333333333,178.35,16.591666666666665,4.304166666666667
2017-10-17,182,0.08333333333333333,0,3.4166666666666665,55.016666666666666,176.75,758.3875,178.52916666666667,16.4625,6.320833333333333
2017-10-18,174.33333333333334,0.125,0,3.9583333333333335,57.675,172.83333333333334,755.2916666666666,176.8,15.783333333333333,5.741666666666666
2017-10-19,168.58333333333334,0,0,3.1666666666666665,61.84583333333333,161.41666666666666,753.9666666666667,175.10416666666666,15.091666666666667,7.329166666666667
2017-10-20,200.16666666666666,0.041666666666666664,0,3.875,63.46666666666667,157.75,754.3791666666667,176.3625,15.808333333333334,8.029166666666667
2017-10-21,172.79166666666666,0,0,4.125,64.67916666666666,153.95833333333334,755.6833333333334,177.3,16.1625,8.729166666666666
2017-10-22,184.5,2.8333333333333335,0.008333333333333333,13.125,74.39166666666667,39.791666666666664,751.2708333333334,176.3125,17.645833333333332,13.058333333333334
2017-10-23,217.16666666666666,8.083333333333334,0,23.416666666666668,49.44166666666667,153.08333333333334,749.2458333333333,170.31666666666666,13.9,3.058333333333333
2017-10-24,141.5,5.958333333333333,0,21.833333333333332,49.833333333333336,161.70833333333334,753.6,169.00833333333333,12.4,-0.6916666666666667
2017-10-25,244.70833333333334,10.958333333333334,0,30.041666666666668,34.15,153.95833333333334,755.8083333333333,179.04166666666666,17.2375,0.675
2017-10-26,160.91666666666666,0,0,3.125,54.13333333333333,152.66666666666666,759.7916666666666,173.7,13.916666666666666,3.7291666666666665
2017-10-27,194.70833333333334,0.16666666666666666,0,4.041666666666667,70.20833333333333,99.66666666666667,755.2208333333333,171.025,13.416666666666666,7.883333333333334
2017-10-28,173.54166666666666,3.3333333333333335,0,13.916666666666666,36.2,142.79166666666666,752.8875,175.93333333333334,15.920833333333333,0.11250000000000002
2017-10-29,122.5,0.7083333333333334,0,9.083333333333334,57.075,47.125,750.2,166.98333333333332,12,3.6791666666666667
2017-10-30,150.875,0.08333333333333333,0,6.25,67.68333333333334,117.83333333333333,749.725,171.20833333333334,13.4125,7.1
2017-10-31,148.29166666666666,0.375,0,4.875,63.1125,140.75,755.6041666666666,172.16666666666666,13.808333333333334,5.95
2017-11-01,95.83333333333333,0.20833333333333334,0,3.5416666666666665,63.483333333333334,139.45833333333334,758.375,166.925,11.395833333333334,3.658333333333333
2017-11-02,191.625,0,0,3,65.30416666666666,114.04166666666667,757.8625,166.17083333333332,11.1875,4.383333333333334
2017-11-03,106.5,0.8333333333333334,0.39166666666666666,9.208333333333334,80.2375,57.916666666666664,753.9208333333333,170.19583333333333,14.195833333333333,10.775
2017-11-04,118.625,0.25,0.008333333333333333,5.791666666666667,82,114.875,753.875,172.84583333333333,15.066666666666666,11.8375
2017-11-05,142.16666666666666,2.125,1.2916666666666667,13.333333333333334,77.19166666666666,47.666666666666664,750.4833333333333,168.20416666666665,14.208333333333334,9.816666666666666
2017-11-06,190.08333333333334,3.125,0.23333333333333334,13.625,67.0125,78.66666666666667,746.2708333333334,166.34583333333333,13.670833333333334,7.304166666666667
2017-11-07,178.08333333333334,0.16666666666666666,0.008333333333333333,6.791666666666667,79.93333333333334,80.625,748.625,159.5125,10.116666666666667,6.695833333333333
2017-11-08,161.16666666666666,0,0,3.75,77.51666666666667,126.83333333333333,752.5333333333333,158.775,9.270833333333334,4.908333333333333
2017-11-09,182.45833333333334,1.4583333333333333,0.016666666666666666,9.5,66.77083333333333,81.41666666666667,754.9208333333333,164.85,13.041666666666666,6.85
2017-11-10,210.08333333333334,0,0.008333333333333333,2.6666666666666665,88.63333333333333,48.583333333333336,754.4375,160.94166666666666,11.383333333333333,9.479166666666666
2017-11-11,179.20833333333334,0,0,3,83.14166666666667,110.79166666666667,752.2958333333333,160.54583333333332,10.775,7.679166666666667
2017-11-12,112.25,1.5833333333333333,0.016666666666666666,9.833333333333334,83.58333333333333,66.20833333333333,748.95,158.0375,10.433333333333334,7.545833333333333
2017-11-13,190,3.1666666666666665,0.3125,17.291666666666668,68.825,39.291666666666664,738.8833333333333,158.50833333333333,11.758333333333333,6.208333333333333
2017-11-14,175.58333333333334,5.625,0,19.25,68.40416666666667,60.166666666666664,746.7833333333333,154.81666666666666,8.745833333333334,2.7
2017-11-15,159.25,10,0.12916666666666665,30,67.54583333333333,44.458333333333336,750.0333333333333,160.775,11.570833333333333,5.566666666666666
2017-11-16,165.41666666666666,3.9166666666666665,0.008333333333333333,16.041666666666668,74.80416666666667,83.04166666666667,752.4708333333333,158.64583333333334,10.15,5.470833333333333
2017-11-17,203.16666666666666,0.125,0,4.041666666666667,75.1375,107.95833333333333,752.375,159.75833333333333,10.308333333333334,5.620833333333334
2017-11-18,166.91666666666666,2.5833333333333335,0,8.875,75.5,106.29166666666667,752.6041666666666,157.59166666666667,8.8375,3.9875
2017-11-19,168.5,0,0,3.125,82.38333333333334,92.04166666666667,752.9375,155.40833333333333,7.1375,4.025
2017-11-20,190.91666666666666,0,0,3.7083333333333335,68.13333333333334,108.54166666666667,755.9625,156.40833333333333,8.108333333333334,1.5666666666666667
2017-11-21,149.04166666666666,0.041666666666666664,0,4.5,65.69583333333334,63.416666666666664,757.4208333333333,155.75,7.883333333333333,1.7083333333333335
2017-11-22,125.58333333333333,0,0,2.5833333333333335,78.10833333333333,55.458333333333336,757.3000000000001,158.40833333333333,9.529166666666667,5.770833333333333
2017-11-23,159.54166666666666,0,0,3.125,82.17916666666667,101.91666666666667,757.3125,160.22916666666666,10.404166666666667,7.070833333333334
2017-11-24,159.375,0.041666666666666664,0,6.083333333333333,74.375,72.20833333333333,757.6875,162.0375,11.895833333333334,7.333333333333333
2017-11-25,169.58333333333334,1.875,0,11.583333333333334,72.51666666666667,48.25,754.2708333333334,163.95833333333331,13.641666666666666,8.65
2017-11-26,216,3.9166666666666665,0.22916666666666666,20.833333333333332,68.30833333333334,65,750.55,160.5375,12.1,6.4
2017-11-27,155.625,8.375,0,30.208333333333332,43.93333333333333,102.70833333333333,757.2958333333333,155.33333333333334,7.945833333333333,-4.058333333333334
2017-11-28,147.16666666666666,0.08333333333333333,0,4.916666666666667,59.104166666666664,92.20833333333333,757.1375,150.125,4.120833333333334,-3.775
2017-11-29,165.125,1.4583333333333333,1.75,10.916666666666666,87.6125,7.333333333333333,747.1541666666667,156.075,9.225,7.145833333333333
2017-11-30,164.375,1.6666666666666667,0.07083333333333333,8.583333333333334,81.33333333333333,71.83333333333333,743.6833333333334,155.2,8.725,5.133333333333333
2017-12-01,140.95833333333334,0.20833333333333334,0,5.208333333333333,81.0375,68.54166666666667,748.6375,149.32916666666668,4.658333333333333,1.2583333333333333
2017-12-02,155.75,2.2083333333333335,0,10.833333333333334,69.29166666666667,82.25,749.1333333333333,151.125,5.758333333333333,-0.6541666666666667
2017-12-03,226.79166666666666,0.7916666666666666,0.09583333333333333,6.875,79.4625,26.875,753.625,150.6625,5.8125,2.316666666666667
2017-12-04,175.54166666666666,0.25,0,4.25,78.95833333333333,92.79166666666667,760.3875,150.39583333333334,5.0875,1.3333333333333333
2017-12-05,163.41666666666666,0,0,3.375,75.77916666666667,93.25,766.8666666666667,147.425,3.5,-0.8166666666666667
2017-12-06,172.04166666666666,0,0,1.7916666666666667,77.18333333333334,92.16666666666667,769.1875,146.6875,3.1833333333333336,-0.9291666666666667
2017-12-07,212.54166666666666,0.5416666666666666,0,7.625,63.00416666666666,78.54166666666667,765.9,155.54166666666666,7.8125,0.8875
2017-12-08,203.41666666666666,3.5416666666666665,0.125,15.041666666666666,74.55833333333334,29.25,757.9,157.85416666666666,10.225,5.791666666666667
2017-12-09,144.25,5.708333333333333,0.029166666666666667,18.75,59.1625,56.625,749.6625,154.89166666666665,8.2125,0.46249999999999997
2017-12-10,211.875,3.375,0,17.625,66.59583333333333,33.333333333333336,755.2208333333333,145.84166666666667,3.0791666666666666,-3.1708333333333334
2017-12-11,261.9583333333333,14.5,0.33749999999999997,37.791666666666664,73.31666666666666,7.333333333333333,745.7,158.92083333333332,13.6375,8.858333333333334
2017-12-12,212.04166666666666,9.583333333333334,2.3791666666666664,30.166666666666668,77.20416666666667,18.375,748.7208333333333,159.47083333333333,14.0875,9.991666666666667
2017-12-13,191.20833333333334,0.5,0.7458333333333333,7.375,84.67083333333333,50.083333333333336,753.75,152.05416666666667,10.8375,8.1125
2017-12-14,191.875,4.708333333333333,0,16.875,77.50833333333334,6.041666666666667,752.1583333333333,152.15,10.325,6.529166666666667
2017-12-15,185.25,4.708333333333333,1.3916666666666666,20.666666666666668,81.14583333333333,4.125,743.7708333333334,154.77083333333334,12.445833333333333,9.216666666666667
2017-12-16,197.58333333333334,1.75,0.37916666666666665,14.041666666666666,80.65416666666667,53.666666666666664,745.3375,146.36666666666667,7.004166666666666,3.7083333333333335
2017-12-17,169.375,6.458333333333333,0,24.083333333333332,62.108333333333334,78.58333333333333,752.9875,148.45416666666665,6.170833333333333,-1.2291666666666667
2017-12-18,231.25,0.625,0,6.666666666666667,59.725,88.08333333333333,759.175,147.62083333333334,4.020833333333333,-3.529166666666667
2017-12-19,151.625,1.9583333333333333,0,7.833333333333333,62.30833333333333,88.83333333333333,764.55,143.64166666666668,1.3916666666666666,-5.804166666666667
2017-12-20,138.79166666666666,3.5833333333333335,0,12.416666666666666,60.02916666666667,71.04166666666667,765.2166666666667,145.72916666666666,2.066666666666667,-5.458333333333333
2017-12-21,179.33333333333334,3.875,0,13.333333333333334,51.46666666666667,88.79166666666667,765.0458333333333,149.00833333333333,4.166666666666667,-5.2125
2017-12-22,206.33333333333334,1.1666666666666667,0,9.75,54.1375,85.41666666666667,762.125,152.34166666666667,5.4625,-4.8375
2017-12-23,233.70833333333334,0.2916666666666667,0,5.666666666666667,50.675,86.875,762.9916666666667,157.18333333333334,8.041666666666666,-2.029166666666667
2017-12-24,155.33333333333334,0,0,2.2916666666666665,72.42916666666666,89.33333333333333,765.1916666666666,151.44583333333333,4.916666666666667,-0.14166666666666666
2017-12-25,142.58333333333334,0,0,1.7916666666666667,81.40416666666667,85.625,764.075,150.09583333333333,4.225,0.8833333333333333
2017-12-26,130.95833333333334,0.625,0.020833333333333332,7.083333333333333,78.7625,31.583333333333332,757.1166666666667,155.15833333333333,7.5,3.725
2017-12-27,237.08333333333334,5.75,2.6125,23.291666666666668,82.59583333333333,3.6666666666666665,742.6875,157.1875,10.170833333333333,7.320833333333334
2017-12-28,211.95833333333334,4.166666666666667,0.35833333333333334,19.375,77.3375,16.583333333333332,736.0541666666667,150.55,6.8,2.9833333333333334
2017-12-29,178.70833333333334,1.1666666666666667,0,8.75,81.59583333333333,76.95833333333333,748.075,148.77083333333334,4.879166666666666,1.6208333333333333
2017-12-30,181.25,3.6666666666666665,0,17.583333333333332,62.13333333333333,21.125,754.275,150.61666666666667,6.283333333333333,-0.575
2017-12-31,160.875,0.75,0,9.416666666666666,68.38333333333334,68.20833333333333,756.4916666666667,158.6375,10.0875,4.4625
2018-01-01,187.16666666666666,2.2916666666666665,0.3,15.416666666666666,78.20833333333333,7,751.7041666666667,157.7875,10.616666666666667,6.804166666666666
2018-01-02,166.66666666666666,3.4166666666666665,0.1375,15.125,76.11666666666666,48.333333333333336,750.5333333333333,153.40416666666667,8.041666666666666,3.779166666666667
2018-01-03,156.70833333333334,1.0416666666666667,0.008333333333333333,10.375,72.32916666666667,64.25,753.1125,151.04166666666666,6.104166666666667,0.7958333333333334
2018-01-04,150.25,0,0,4.541666666666667,86.48333333333333,45.833333333333336,749.325,154.51666666666665,8.370833333333334,6.1625
2018-01-05,153.375,0.041666666666666664,0,3.875,80.6375,78.33333333333333,749.425,156.80833333333334,9.3125,5.895833333333333
2018-01-06,149.125,0.4583333333333333,0,6.916666666666667,75.94166666666666,83.5,750.9125,158.9,10.8,6.483333333333333
2018-01-07,183.70833333333334,2.0416666666666665,0,12.833333333333334,59.25416666666667,47.708333333333336,753.45,159.70833333333334,11.65,3.325
2018-01-08,168.45833333333334,0.125,0,4.25,72.24166666666667,66.08333333333333,755.7416666666667,158.75416666666666,10.154166666666667,5.0625
2018-01-09,160.41666666666666,1.3333333333333333,0.37083333333333335,10.458333333333334,68.07083333333334,29.166666666666668,755.7083333333334,162.14583333333334,13.1625,7.045833333333333
2018-01-10,191.79166666666666,0.5833333333333334,0.1875,7.083333333333333,79.72083333333333,88.70833333333333,754.2458333333333,155.27916666666667,8.320833333333333,4.795833333333333
2018-01-11,163.41666666666666,0.4583333333333333,0.15,8.208333333333334,78.2625,26.208333333333332,749.9,152.6,7.791666666666667,4.2125
2018-01-12,145.79166666666666,6.958333333333333,0,19.041666666666668,56.59166666666667,61,750.7583333333333,157.40833333333333,9.9125,1.1083333333333334
2018-01-13,203.95833333333334,3.625,0,13.5,62.85,94.45833333333333,755.1416666666667,154.62083333333334,7.241666666666666,0.3458333333333333
2018-01-14,147.91666666666666,0.041666666666666664,0,2.3333333333333335,73.14583333333333,64,756.7,153.07083333333333,6.2375,1.6708333333333334
2018-01-15,125.625,0,0,3.4166666666666665,72.35,90.91666666666667,758.3333333333334,154.9,6.795833333333333,1.8875
2018-01-16,168.79166666666666,0.375,0.09583333333333334,8.791666666666666,75.35416666666667,19.833333333333332,752.8125,158.35833333333332,10.383333333333333,6.2375
2018-01-17,196.29166666666666,5.583333333333333,0.07916666666666666,20.75,63.72083333333333,71.54166666666667,745.85,160.0625,10.933333333333334,3.9
2018-01-18,216.70833333333334,0.875,0,7.875,61.65,86.16666666666667,756.3833333333333,150.6375,4.983333333333333,-2.25
2018-01-19,169.25,1.5,0,13.125,72.925,17,751.1541666666667,161.05,11.5375,6.883333333333334
2018-01-20,154,0.20833333333333334,0.020833333333333332,3.7916666666666665,80.49583333333334,79.66666666666667,750.3583333333333,158.2625,9.470833333333333,5.9875
2018-01-21,176.08333333333334,2.3333333333333335,0.008333333333333333,12.166666666666666,64.11666666666667,74.625,746.325,160.37916666666666,10.7875,4.0625
2018-01-22,154.375,0.08333333333333333,0,3.9166666666666665,66.27083333333333,71.70833333333333,752.6791666666667,152.77083333333334,6.7375,0.7583333333333333
2018-01-23,154.29166666666666,0.041666666666666664,0,4.541666666666667,68.1125,102.29166666666667,755.6916666666667,157.73333333333332,8.7625,2.6208333333333336
2018-01-24,168.54166666666666,0.08333333333333333,0,3.4583333333333335,66.81666666666666,103.54166666666667,764.0708333333333,155.1625,7.220833333333333,1.0083333333333333
2018-01-25,159.75,0,0,2.4583333333333335,73.8625,108.58333333333333,763,153.63333333333333,6.479166666666667,1.6083333333333334
2018-01-26,191.66666666666666,0.9166666666666666,0,8.75,66.39583333333333,54.625,759.3791666666666,154.89166666666665,7.991666666666667,1.9166666666666667
2018-01-27,161.75,0.2916666666666667,0,5.666666666666667,62.75416666666666,99.875,761.9208333333333,159.3875,9.9125,2.7333333333333334
2018-01-28,188.91666666666666,0,0,2.2916666666666665,69.10833333333333,108.95833333333333,767.05,155.55833333333334,7.770833333333333,1.9416666666666667
2018-01-29,151.5,0.125,0,2.7083333333333335,76.9125,112.875,766.9625,152.81666666666666,6.291666666666667,2.2916666666666665
2018-01-30,140.29166666666666,0.25,0,3.625,75.0375,107.91666666666667,764.2833333333333,153.54583333333335,6.345833333333333,1.5708333333333333
2018-01-31,165.83333333333334,0,0,3.4583333333333335,72.51666666666667,45.625,760.8333333333334,153.2875,6.891666666666667,2.025
2018-02-01,155.08333333333334,2.125,0.08333333333333333,13.083333333333334,68.875,18.666666666666668,750.875,158.47083333333333,10.6625,5.175
2018-02-02,191.70833333333334,3.75,0.5166666666666667,19.375,67.11666666666666,21.791666666666668,744.1125,159.95416666666665,12.1,6.1
2018-02-03,181.58333333333334,6.666666666666667,0.45,24.5,68.74583333333334,52.166666666666664,741.2833333333333,155.02083333333334,9.420833333333333,3.8583333333333334
2018-02-04,180,0.041666666666666664,0,4.75,71.50416666666666,131.08333333333334,751.2916666666666,150.64583333333334,5.629166666666666,0.35833333333333334
2018-02-05,124.625,0.041666666666666664,0,5.25,70.02083333333333,83,756.1291666666667,151.25833333333333,6.029166666666667,0.7166666666666667
2018-02-06,172.45833333333334,1.7916666666666667,0,12.208333333333334,63.11666666666667,65.45833333333333,749.5791666666667,155.025,8.558333333333334,1.3958333333333333
2018-02-07,193.08333333333334,1.75,0.016666666666666666,11.208333333333334,71.19166666666666,74,744.7624999999999,154.99583333333334,8.4125,3.3333333333333335
2018-02-08,168.08333333333334,0.08333333333333333,0.008333333333333333,4.083333333333333,76.98333333333333,67.33333333333333,751.8666666666667,152.90416666666667,7.104166666666667,3.279166666666667
2018-02-09,132,0.16666666666666666,0.0875,5.625,75.00416666666666,116.79166666666667,753.4166666666666,153.09166666666667,6.683333333333334,1.975
2018-02-10,164.33333333333334,6.708333333333333,0,18,60.94166666666666,139.875,748.3291666666667,150.59166666666667,5.45,-2.4291666666666667
2018-02-11,162.04166666666666,7.958333333333333,0,24.5,42.50416666666667,145,748.8208333333333,154.36666666666667,6.745833333333334,-5.383333333333334
2018-02-12,199.91666666666666,3.3333333333333335,0.2375,15.333333333333334,60.03333333333333,28.666666666666668,749.25,150.71666666666667,5.608333333333333,-1.6583333333333334
2018-02-13,172.125,5,0.020833333333333332,16.125,66.8,141,749.2291666666666,152.32083333333333,5.65,-0.6041666666666666
2018-02-14,133.75,6.291666666666667,0,16.958333333333332,59.46666666666667,113.29166666666667,752.0625,147.62916666666666,3.0083333333333333,-4.766666666666667
2018-02-15,153.04166666666666,4.708333333333333,0,15.125,42.3375,153.875,757.3708333333333,152.39166666666665,4.841666666666667,-7.779166666666667
2018-02-16,166.66666666666666,0.08333333333333333,0,3.6666666666666665,49.416666666666664,136.75,760.7375,154.57083333333333,5.8375,-4.383333333333334
2018-02-17,156.58333333333334,0,0.07083333333333333,2.2083333333333335,71.14583333333333,50.75,759.2,152.95833333333334,5.954166666666667,0.9666666666666667
2018-02-18,222.5,1.125,0.1625,8.166666666666666,80.71666666666667,24.083333333333332,753.1208333333333,157.2875,9.195833333333333,6.05
2018-02-19,185.41666666666666,1.125,0.008333333333333333,5.708333333333333,73.20416666666667,100.875,750.8458333333333,156.37916666666666,7.216666666666667,2.245833333333333
2018-02-20,194.41666666666666,0.7083333333333334,0.049999999999999996,4.5,73.03333333333333,61.833333333333336,747.0833333333334,152.74583333333334,5.816666666666666,1.2583333333333333
2018-02-21,164,9.583333333333334,0,26.208333333333332,57.84583333333333,127.79166666666667,743.575,154.34166666666667,6.170833333333333,-1.8875
2018-02-22,131.79166666666666,0,0.1625,3.4583333333333335,77.30416666666667,59.541666666666664,743.8041666666667,151.8125,5.4125,1.7249999999999999
2018-02-23,198.58333333333334,0.4583333333333333,0.19166666666666665,4.916666666666667,85.92083333333333,33.125,742.95,152.05416666666667,6.179166666666666,3.9583333333333335
2018-02-24,162.79166666666666,1.2916666666666667,0.1,10.583333333333334,73.5625,84,743.2166666666667,159.65416666666667,9.970833333333333,4.954166666666667
2018-02-25,205.58333333333334,1.7916666666666667,0.12083333333333333,10.583333333333334,71.1,102.54166666666667,746.5166666666667,153.91666666666666,6.75,1.575
2018-02-26,146.625,16,0.05,38.666666666666664,55.52916666666667,133.41666666666666,745.5791666666667,141.0875,-0.43333333333333335,-8.941666666666666
2018-02-27,158.08333333333334,5.916666666666667,0,17.791666666666668,45.6125,150.41666666666666,748.9291666666667,138.95,-2.5125,-13.195833333333333
2018-02-28,146.20833333333334,0.20833333333333334,0,5.708333333333333,44.19583333333333,163.29166666666666,754.4416666666667,141.49166666666667,-1.325,-13.070833333333333
2018-03-01,154.45833333333334,0.20833333333333334,0.25,4.666666666666667,78.7,18.291666666666668,748.525,143.4,1.3708333333333333,-2.1125
2018-03-02,87.70833333333333,4.416666666666667,0.31666666666666665,14.208333333333334,74.89166666666667,90.20833333333333,740.5375,153.80416666666667,6.895833333333333,2.129166666666667
2018-03-03,179.58333333333334,3.9166666666666665,0.25416666666666665,17.708333333333332,68.04166666666667,29.166666666666668,740.4666666666667,157.22083333333333,9.820833333333333,4.204166666666667
2018-03-04,167.875,0.4166666666666667,0.12083333333333333,6.125,67.09166666666667,110.125,742.9625,160,10.704166666666666,4.329166666666667
2018-03-05,114.79166666666667,0.16666666666666666,0.625,2.9166666666666665,86.325,35.916666666666664,738.5083333333333,153.57083333333333,8.720833333333333,6.5375
2018-03-06,255.875,0.7916666666666666,4.320833333333334,5.375,81.975,18.083333333333332,737.8958333333334,148.44583333333333,9.608333333333333,6.679166666666666
2018-03-07,319.4583333333333,0,6.570833333333334,0,77.65833333333333,0.041666666666666664,745.9541666666667,85.00833333333334,9.654166666666667,5.845833333333333
2018-03-08,241.66666666666666,0,6.6499999999999995,0.3333333333333333,66.25416666666666,6.5,756.8083333333334,64.6875,10.654166666666667,4.225
2018-03-09,70.1875,0,0.04375,0.1875,66.13125,5.1875,764.8125,152.58125,11.19375,4.68125
NA,NA,NA,NA,NA,NA,NA,NA,NA,NA,NA
