station_code,station_eu_code,date,t2m,tmin2m,tmax2m,tp,ptp,rh,u10m,v10m,wspeed,wspeed_max,pwspeed,wdir,sp,nirradiance,pbl00,pbl12,pblmin,pblmax,coordx,coordy,altitude,altitudedem
1005502,IT1011A,2016-11-25,11.1,7.9,14.2,15.8,0.9,94.5,-0.8,0.5,0.9433981132056604,0.854988897214251,1.019803902718557,122.00538320808352,949.8,28.5,0.03,0.53,0.01,0.58,799705,4718418,128,129
1005502,IT1011A,2017-11-01,10.1,5,15.7,0,0.3,71.6,-0.4,-0.1,0.4123105625617661,1.14616115172426,0.6708203932499369,75.96375653207352,958.2,118.4,0.03,0.79,0.01,1.08,799705,4718418,128,129
1005502,IT1011A,2017-01-14,-2.1,-7.6,4,0,34.7,80.7,-0.8,-0.1,0.806225774829855,2.387817688204,2.23606797749979,82.8749836510982,943.4,89.5,0.03,0.7,0.01,0.86,799705,4718418,128,129
1005502,IT1011A,2017-06-15,24.6,18.2,30.7,0,0,52.3,0.7,0.6,0.9219544457292886,2.30876526465149,0.848528137423857,229.3987053549955,952.2,255.3,0.02,1.9,0.01,1.96,799705,4718418,128,129
1005502,IT1011A,2017-04-26,13,6.6,18.8,0.2,0,64.6,-0.3,2.8,2.8160255680657444,2.00476250546158,1.60312195418814,173.8844964337146,948,222,0.08,1.25,0.08,1.48,799705,4718418,128,129
1005502,IT1011A,2017-05-18,17.4,9.4,23.7,0,0,63.9,-0,0.4,0.4,1.40271090089592,1.7492855684535902,180,952.7,241.5,0.03,2.12,0.02,2.34,799705,4718418,128,129
1005502,IT1011A,2017-03-08,6.5,2.6,10.8,0.3,15.5,65.9,-0.9,-3.2,3.3241540277189325,6.50907379488957,2.1023796041628637,15.708637829015744,949.4,165.3,1.06,1.48,0.09,1.48,799705,4718418,128,129
1005502,IT1011A,2017-03-12,6.4,-0.6,13.4,0,0,66.8,-0.1,-0.2,0.223606797749979,1.74608468174375,2.4515301344262523,26.565051177077976,949.8,180.1,0.05,1,0.02,1.26,799705,4718418,128,129
1005502,IT1011A,2017-10-05,15.9,11.6,21.4,0,0,73.2,-0.2,1.2,1.2165525060596438,3.29009300484641,0.3,170.53767779197435,955.4,163.7,0.01,1.15,0.01,1.19,799705,4718418,128,129
1005502,IT1011A,2017-10-11,14.3,8.1,20.5,0,0,72,-0.3,-0.2,0.36055512754639896,1.72402853418255,0.223606797749979,56.30993247402023,958.1,153.3,0.02,1.1,0.02,1.48,799705,4718418,128,129
1005502,IT1011A,2018-02-12,3,-1.2,7.6,7.4,0,87.2,-0.8,1.2,1.4422205101855958,2.36910341914611,1.503329637837291,146.3099324740202,943.5,49.4,0.01,0.5,0.01,0.56,799705,4718418,128,129
1005502,IT1011A,2016-12-07,5.8,2.1,12.1,0,0,88.7,-0.9,-0.9,1.2727922061357857,1.54059120069883,0.8602325267042626,45,964.5,74.3,0.04,0.53,0.04,0.67,799705,4718418,128,129
1005502,IT1011A,2017-03-23,11.6,8.2,16.1,0.3,0.5,83.2,0,1.2,1.2,4.03970980833615,1.40356688476182,180,953.2,148.6,0.05,1.01,0.02,1.09,799705,4718418,128,129
1005502,IT1011A,2017-04-08,12.9,4.7,19.3,0.1,0.1,63.5,-0.3,-0.6,0.6708203932499369,2.24797215379864,0.7071067811865475,26.565051177077976,956.3,220.3,0.02,1.81,0.01,2.08,799705,4718418,128,129
1005502,IT1011A,2017-07-16,20.9,16.6,25,0,0,45.6,-1.1,-2.4,2.640075756488817,5.33918379010033,1.6763054614240211,24.623564786163627,953.2,274.2,0.37,2.23,0.07,2.34,799705,4718418,128,129
1005502,IT1011A,2017-01-05,0.5,-2.4,3.1,3.4,0,81.6,-0.4,-2.4,2.4331050121192876,5.75322262742083,0.5099019513592785,9.462322208025626,944.1,65.6,0.02,1.24,0.02,1.36,799705,4718418,128,129
1005502,IT1011A,2017-09-02,19.4,14.9,23.6,1.8,5.6,67.2,0.3,2.5,2.5179356624028344,4.41223144746521,1.7,186.84277341263095,947.6,176,0.22,1.26,0.22,2.1,799705,4718418,128,129
1005502,IT1011A,2017-03-07,5.6,4.4,7.8,15.5,17.1,89.3,0.1,-2.1,2.1023796041628637,2.45421411126018,2.1213203435596424,357.2736890060937,937.2,82.8,0.43,1.54,0.05,1.57,799705,4718418,128,129
1005502,IT1011A,2017-03-15,6.7,-0.3,13.7,0,0,67.9,-1.1,-1.3,1.7029386365926402,2.40514983763085,1.0816653826391966,40.23635830927381,959.7,187.8,0.02,2.37,0.01,2.37,799705,4718418,128,129
1005502,IT1011A,2017-07-08,27,20.2,33.8,0,0,39.6,0.5,0.1,0.5099019513592785,2.59085380611528,0.5385164807134505,258.69006752597977,953.5,280.6,0.01,1.65,0.01,2.27,799705,4718418,128,129
1005502,IT1011A,2018-02-16,4.1,-2.4,10.9,0,0,68.7,-0.2,-0.1,0.223606797749979,1.28517729756654,1.5297058540778354,63.434948822922024,957.8,125.6,0.04,0.4,0.01,0.59,799705,4718418,128,129
1005502,IT1011A,2018-02-19,4.8,1.7,7.8,5.5,4.3,91.6,-0.2,-1,1.019803902718557,2.82847839973525,1.0816653826391966,11.30993247402023,946.4,78,0.04,0.62,0.04,0.81,799705,4718418,128,129
1005502,IT1011A,2017-04-28,10.9,6.6,13.2,12.6,12.6,79.4,0.3,2.8,2.8160255680657444,4.80467669000539,3.324154027718932,186.11550356628535,945.8,174.7,0.7,1.29,0.14,1.4,799705,4718418,128,129
1005502,IT1011A,2017-05-13,16.2,11,20.6,0,0.2,74.7,0.3,1,1.044030650891055,2.19400121611879,1.6278820596099708,196.6992442339936,951.1,209.9,0.05,1.57,0.03,1.6,799705,4718418,128,129
1005502,IT1011A,2017-06-01,20.5,14.8,26.3,0.1,0,53.6,0.4,0.4,0.5656854249492381,2.15982876942817,0.7071067811865476,225,956.6,252.9,0.01,1.57,0.01,1.96,799705,4718418,128,129
1005502,IT1011A,2017-08-19,25.7,19.5,32.1,0,0,47.3,0.4,1.4,1.4560219778561034,3.22224703471085,0.36055512754639896,195.94539590092285,952,238.4,0.02,1.73,0.02,1.94,799705,4718418,128,129
1005502,IT1011A,2017-02-11,7.1,3.1,12,0.1,1.4,85.2,-0.4,-0,0.4,1.75044819662647,0.8602325267042626,90,955.7,89.5,0.03,0.68,0.02,0.99,799705,4718418,128,129
1005502,IT1011A,2017-07-07,26.6,19.7,32.7,0,0,38.8,0.5,0.2,0.5385164807134505,4.49131239236402,0.6403124237432849,248.19859051364816,955.5,284.1,0.01,2.12,0.01,2.58,799705,4718418,128,129
1005502,IT1011A,2018-01-28,5.9,0.2,12,0,0,82.8,-0.5,-0.3,0.58309518948453,1.68406165408982,0.7211102550927979,59.03624346792648,967.6,101.7,0.02,0.53,0.01,0.76,799705,4718418,128,129
1005502,IT1011A,2016-11-26,7.9,4,12.3,0,15.8,91.4,-0.6,-0.4,0.7211102550927979,1.47410464196443,0.9433981132056604,56.30993247402023,951.2,62.9,0.01,0.36,0.01,0.68,799705,4718418,128,129
1005502,IT1011A,2017-04-01,12.1,7,17.1,0,0,62.7,-0.3,1.2,1.2369316876852985,3.08751465241963,0.447213595499958,165.9637565320735,952.3,187.9,0.03,1.44,0.02,1.61,799705,4718418,128,129
1005502,IT1011A,2017-11-12,9,4.7,13.2,3.8,0,87.1,-0.4,2,2.039607805437114,4.20876827941507,0.447213595499958,168.69006752597977,944.4,67.3,0.04,1.01,0.02,1.04,799705,4718418,128,129
1005502,IT1011A,2017-04-22,8,-1.5,15.7,0,0,62.4,0.3,-0.3,0.4242640687119285,3.92298313963872,1.8973665961010275,315,957.3,256.8,0.02,1.42,0.02,1.58,799705,4718418,128,129
1005502,IT1011A,2017-11-06,10.7,7.7,13.5,2.8,8.3,84.1,-0.3,1.7,1.7262676501632068,3.55442997136649,2.23606797749979,169.99202019855863,943,88.1,0.58,0.92,0.03,1.07,799705,4718418,128,129
1005502,IT1011A,2017-02-27,8.1,4,13.5,0,0,80.7,-0.2,1.2,1.2165525060596438,2.90243463646237,0.31622776601683794,170.53767779197435,952,151.5,0.02,1.03,0.01,1.15,799705,4718418,128,129
1005502,IT1011A,2017-06-13,23.9,17.1,30.8,0,0,49.3,0.5,0.4,0.6403124237432849,2.58496060660994,0.4123105625617661,231.34019174590992,952.4,276.9,0.01,1.46,0.01,1.7,799705,4718418,128,129
1005502,IT1011A,2017-10-07,11.8,8.7,15.7,0,2,61.4,-0.8,-2.1,2.247220505424423,4.18353447460794,0.6403124237432849,20.854458039578333,952.6,157.4,0.82,1.73,0.02,1.89,799705,4718418,128,129
1005502,IT1011A,2018-01-26,5.7,1.7,10.2,0,0,86.4,-0.7,0.9,1.140175425099138,1.31757853168069,0.5656854249492381,142.1250163489018,957.4,67.5,0.02,0.79,0.02,0.99,799705,4718418,128,129
1005502,IT1011A,2017-04-29,10.1,2.6,16.4,0,12.6,66.2,-0.5,-1.3,1.392838827718412,3.87907294729411,2.8160255680657444,21.03751102542182,948.2,246.2,0.13,1.72,0.02,1.89,799705,4718418,128,129
1005502,IT1011A,2017-05-26,16.1,9,22.3,0,0.7,59.8,-0.7,-1.7,1.8384776310850235,1.56698335399189,1.16619037896906,22.3801350519596,952.7,276.9,0.05,2,0.04,2.06,799705,4718418,128,129
1005502,IT1011A,2017-12-17,2,-1.2,5.5,0.6,6.4,87,-0.1,-1.8,1.8027756377319943,2.09262655452406,1.118033988749895,3.1798301198642775,949,71.5,0.07,1.09,0.07,1.09,799705,4718418,128,129
1005502,IT1011A,2017-03-05,6,4.7,7.9,22,10.1,95.3,-0.2,1.6,1.61245154965971,2.18010898191307,2.9274562336608896,172.8749836510982,947.5,48.8,0.4,0.51,0.09,0.78,799705,4718418,128,129
1005502,IT1011A,2017-03-10,8.4,2,15.8,0,0,62.2,-0.6,-2,2.08806130178211,4.45708386069328,1.4317821063276353,16.699244233993625,949.7,176.8,0.03,1.69,0.02,2.75,799705,4718418,128,129
1005502,IT1011A,2017-08-14,22.7,14.6,29.8,0,0,52,-0.2,-0.8,0.8246211251235323,1.9707446604453,1.91049731745428,14.03624346792651,955.1,249.1,0.06,1.99,0.03,2.53,799705,4718418,128,129
1005502,IT1011A,2017-07-24,23.1,18.2,28.1,5.8,0,61.8,0.3,2,2.0223748416156684,5.74985795611416,0.7280109889280517,188.5307656099481,945.9,219.8,0.04,0.86,0.04,1.59,799705,4718418,128,129
1005502,IT1011A,2017-08-08,28.4,21.9,34.7,0,0,40,0.2,1.5,1.5132745950421556,2.14112880264481,0.58309518948453,187.59464336859145,951.4,253.8,0.04,1.82,0.03,2.45,799705,4718418,128,129
1005502,IT1011A,2017-08-25,25.4,18.7,32.2,0,0,42.1,0.3,0.6,0.6708203932499369,2.50868153469591,0.6403124237432849,206.565051177078,956.6,232.9,0.02,1.76,0.01,2.12,799705,4718418,128,129
1005502,IT1011A,2017-08-30,24.6,15.7,32.6,0,0,48,0.3,-0.1,0.31622776601683794,1.31198517979552,1.6155494421403511,288.434948822922,952.4,229,0.03,1.74,0.02,2.21,799705,4718418,128,129
1005502,IT1011A,2017-10-17,15.8,11,22,0,0,64.3,-0.5,0.4,0.6403124237432849,1.56692016273354,0.5099019513592785,128.65980825409008,960.5,143.1,0.01,0.93,0.01,1.11,799705,4718418,128,129
1005502,IT1011A,2017-09-01,21.3,18.4,25.6,5.6,0.7,79.6,0,1.7,1.7,2.30114008137578,1.140175425099138,180,951.7,141,0.05,0.63,0.05,1.26,799705,4718418,128,129
1005502,IT1011A,2017-12-22,1.5,-2.1,8.3,0,0,80.6,-0.4,-1.6,1.6492422502470645,3.51651551782508,1.5811388300841898,14.03624346792651,960,77.5,0.07,0.67,0.06,1.01,799705,4718418,128,129
1005502,IT1011A,2017-10-25,11.5,6,18.2,0,0,71.4,-0.5,-1.8,1.8681541692269408,2.85414783964828,2.6305892875931813,15.524110996754246,957.2,129,0.56,0.9,0.03,0.99,799705,4718418,128,129
1005502,IT1011A,2018-01-30,5.4,-0.4,9.9,0,0,86,-0.3,0.2,0.36055512754639896,2.23217692951432,0.5385164807134505,123.69006752597976,963,91.5,0.01,0.73,0.01,0.79,799705,4718418,128,129
1005502,IT1011A,2017-08-02,30.4,22.3,38,0,0,34.3,0.3,0,0.3,2.76392012754168,0.36055512754639896,270,955.8,257.8,0.02,2.06,0.01,2.51,799705,4718418,128,129
1005502,IT1011A,2016-12-06,5.3,0.2,11.8,0,0,86.5,-0.7,-0.5,0.8602325267042626,1.52331985514298,0.6708203932499369,54.462322208025626,961.1,66.9,0.01,0.29,0.01,0.45,799705,4718418,128,129
1005502,IT1011A,2017-11-13,7,3.5,9.9,17.5,3.8,94.2,-0.3,2.2,2.220360331117452,4.69364890361051,2.039607805437114,172.23483398157467,932.6,68.3,0.49,0.95,0.03,1.29,799705,4718418,128,129
1005502,IT1011A,2017-02-03,8.9,7.5,12,3.6,0.6,90.2,-0.2,2.5,2.5079872407968904,2.24003687770908,2.2135943621178655,175.42607874009914,952.5,66.2,0.66,1.07,0.4,1.13,799705,4718418,128,129
1005502,IT1011A,2017-12-15,9.1,7.2,9.9,38.1,7.9,98.1,0.6,2.1,2.1840329667841556,2.66901313819778,2.4020824298928627,195.94539590092285,939.2,9.1,0.66,0.73,0.32,0.8,799705,4718418,128,129
1005502,IT1011A,2017-12-14,6.8,2.1,8.9,7.9,20.4,97.5,0.1,2.4,2.4020824298928627,5.16680394699436,1.2165525060596438,182.38594403038883,948.8,12.6,0.08,0.76,0.08,0.84,799705,4718418,128,129
1005502,IT1011A,2017-12-27,6.4,4.6,8.3,36.3,0.4,96.5,-0.6,3,3.059411708155671,1.29742716118392,1.746424919657298,168.69006752597977,936.1,14.8,0.49,1.24,0.35,1.3,799705,4718418,128,129
1005502,IT1011A,2018-01-19,7.4,5.4,9.5,2.1,0,95.7,-0.2,2.3,2.308679276123039,4.69735691371936,1.3892443989449803,175.0302592718897,947.6,33.9,0.26,0.86,0.19,0.88,799705,4718418,128,129
1005502,IT1011A,2016-12-10,5.2,1.7,9.4,0,0,74,-0.4,-0.7,0.8062257748298549,1.23826206699671,0.7211102550927979,29.744881296942253,962.7,74.4,0.02,0.19,0.02,0.26,799705,4718418,128,129
1005502,IT1011A,2017-11-25,10.6,7.8,12.8,1.3,0.1,85.5,-0.6,2.2,2.280350850198276,2.30048783340088,0.9219544457292886,164.74488129694222,952.5,40.5,0.04,0.95,0.04,1.01,799705,4718418,128,129
1005502,IT1011A,2017-06-16,25.2,19.5,31.7,0.2,0,56.2,0.6,0.1,0.6082762530298219,1.73868820117367,0.9219544457292886,260.5376777919744,951.8,251.6,0.02,1.84,0.01,2.31,799705,4718418,128,129
1005502,IT1011A,2017-05-12,17.4,12.3,22.9,0.2,0.8,72.8,0.3,1.6,1.6278820596099708,1.33695428735492,1.1704699910719625,190.61965527615513,945,231.6,0.05,1.43,0.05,1.43,799705,4718418,128,129
1005502,IT1011A,2017-05-15,16.8,12.4,22.1,0.7,0,72.7,0.1,-0.8,0.806225774829855,3.5195486651495,0.5385164807134505,352.8749836510982,958.5,232.9,0.01,1.72,0.01,1.76,799705,4718418,128,129
1005502,IT1011A,2017-05-29,19,10.7,26.1,0,0,58.7,0.1,0.6,0.6082762530298219,2.86980904285714,1.4212670403551897,189.46232220802565,954.1,276.6,0.02,1.85,0.01,2.31,799705,4718418,128,129
1005502,IT1011A,2017-08-20,23.4,19,29,0.2,0,57.2,-0.1,-0.6,0.6082762530298219,1.70333940109092,1.4560219778561034,9.462322208025626,950.8,198.9,0.24,2.19,0.14,2.51,799705,4718418,128,129
1005502,IT1011A,2017-12-10,0.6,-4,5.4,5.6,7.3,81.7,-1,1.9,2.1470910553583886,6.34239383904378,0.4123105625617661,152.24145939893995,949.4,37.1,0.05,0.62,0.03,0.83,799705,4718418,128,129
1005502,IT1011A,2017-02-10,6.5,3,11.2,1.4,1,87.5,-0.5,-0.7,0.8602325267042626,4.69252623193411,1.4142135623730951,35.537677791974374,951,66.6,0.08,0.57,0.03,1.12,799705,4718418,128,129
1005502,IT1011A,2017-06-03,20.9,14.4,27.1,0.1,0.3,49,0.3,0,0.3,2.31681513542259,0.7615773105863908,270,952.4,274.1,0.02,1.96,0.01,2.42,799705,4718418,128,129
1005502,IT1011A,2017-06-07,20.3,14.2,26.3,0,0.4,61.4,0.2,1.1,1.118033988749895,3.82941047334223,1.5297058540778354,190.304846468766,950.1,255.7,0.11,2.19,0.03,2.31,799705,4718418,128,129
1005502,IT1011A,2016-12-12,5.5,1.8,10.6,0.1,0.1,90.8,-0.6,-0.9,1.0816653826391966,2.79896886433587,0.7280109889280517,33.69006752597977,952.6,49.2,0.02,0.42,0.01,0.72,799705,4718418,128,129
1005502,IT1011A,2017-11-23,9.3,6.5,13,0,0.1,87.8,-0.5,0.7,0.8602325267042626,1.38631245874273,0.8602325267042626,144.46232220802565,956.2,65,0.02,0.76,0.02,0.93,799705,4718418,128,129
1005502,IT1011A,2017-04-14,12.6,6.6,18.2,0.1,0,76.8,0,1.3,1.3,3.03425921559927,1.2369316876852985,180,950.3,189.1,0.04,1.45,0.03,1.63,799705,4718418,128,129
1005502,IT1011A,2017-07-17,21.3,14.6,27.5,0,0,42.4,-0.7,-1.9,2.0248456731316584,1.13528911568036,2.640075756488817,20.224859431168085,954.7,279.1,0.21,1.77,0.03,1.85,799705,4718418,128,129
1005502,IT1011A,2017-07-23,26.2,18.9,33.2,0,0,51.2,0.7,0.2,0.7280109889280517,1.40353568943015,1.772004514666935,254.05460409907715,952.7,268.8,0.04,2.32,0.03,2.47,799705,4718418,128,129
1005502,IT1011A,2017-08-13,20.8,14.6,26.9,0,5.7,58.9,-0.2,-1.9,1.91049731745428,3.18479708754965,0.5385164807134505,6.009005957494537,953.5,243.7,0.1,1.89,0.06,2.22,799705,4718418,128,129
1005502,IT1011A,2017-11-28,2.4,-2.1,6.8,1.4,0,74.6,-0.6,0.5,0.7810249675906654,2.10774798687181,2.039607805437114,129.80557109226518,952.4,83.9,0.07,0.39,0.02,0.55,799705,4718418,128,129
1005502,IT1011A,2017-11-30,4.7,-0.1,8.4,7.1,31.3,95.3,-0.2,1.1,1.118033988749895,2.67480698848261,2.0248456731316584,169.69515353123398,938.5,53.1,0.07,1.12,0.02,1.12,799705,4718418,128,129
1005502,IT1011A,2017-08-18,26.2,18.2,33.5,0,0,49.3,0.3,0.2,0.36055512754639896,1.80130959698881,0.8544003745317532,236.3099324740202,953.4,239.3,0.03,2.52,0.02,3.17,799705,4718418,128,129
1005502,IT1011A,2017-03-06,7.2,5,10.6,17.1,22,93.1,0.3,2.1,2.1213203435596424,5.33831739010388,1.61245154965971,188.13010235415595,944.7,72.9,0.42,1.09,0.12,1.15,799705,4718418,128,129
1005502,IT1011A,2017-03-13,6,0.2,13,0,0,70.5,-0.8,-1,1.2806248474865698,1.63973412186566,0.223606797749979,38.65980825409011,954,187.5,0.02,1.35,0.02,1.74,799705,4718418,128,129
1005502,IT1011A,2017-10-31,11.7,8.5,16.4,0.3,0.1,77.5,-0.6,-0.3,0.6708203932499369,3.60726265857102,0.6082762530298219,63.434948822922024,955.7,96.6,0.11,0.89,0.03,1.43,799705,4718418,128,129
1005502,IT1011A,2018-02-17,5.8,2.2,9.8,0.8,0,82.1,-0.3,0.7,0.7615773105863908,1.37968556996129,0.223606797749979,156.80140948635182,956.2,79,0.02,0.58,0.01,0.62,799705,4718418,128,129
1005502,IT1011A,2017-01-04,0.8,-3.3,6.4,0,16.3,87.2,-0.5,0.1,0.5099019513592785,2.12874413679909,0.7071067811865475,101.3099324740202,948.9,81.9,0.08,0.31,0.03,0.48,799705,4718418,128,129
1005502,IT1011A,2018-01-01,7.1,4.5,9.1,10.6,0.3,94.6,-0.2,1.8,1.8110770276274837,4.09864848757568,0.9219544457292886,173.65980825409008,948.6,26.4,0.17,0.76,0.07,0.81,799705,4718418,128,129
1005502,IT1011A,2017-06-22,25.3,19.2,32.4,0.7,0.3,46.4,0.6,-0,0.6,2.88402978539186,0.7280109889280517,270,954.7,261.7,0.02,1.96,0.01,2.52,799705,4718418,128,129
1005502,IT1011A,2017-07-05,25,18.2,30.2,0,0,44.8,0.4,-0.6,0.7211102550927979,1.46714518479295,0.8246211251235323,326.30993247402023,955.7,278.1,0.01,2.11,0.01,2.62,799705,4718418,128,129
1005502,IT1011A,2017-10-23,9.5,6.2,13.8,5.6,18.8,76,0.4,-1.9,1.94164878389476,3.3812483821015,1.746424919657298,348.11134196037204,947.9,115.8,0.07,1.75,0.05,1.97,799705,4718418,128,129
1005502,IT1011A,2017-08-04,31,23.9,38.4,0,0,34.2,0.3,0.6,0.6708203932499369,1.17111534784309,0.5,206.565051177078,951.8,259.9,0.02,2.16,0.02,2.68,799705,4718418,128,129
1005502,IT1011A,2016-12-09,5.5,2,11.1,0,0,74.6,-0.6,-0.4,0.7211102550927979,1.66897847939768,0.7615773105863908,56.30993247402023,966.3,80,0.01,0.19,0.01,0.28,799705,4718418,128,129
1005502,IT1011A,2017-04-05,10.7,3.5,18.2,3.5,1.6,79.2,-0.5,0.3,0.58309518948453,1.58032054121409,0.848528137423857,120.96375653207352,951,190,0.01,1.81,0.01,1.81,799705,4718418,128,129
1005502,IT1011A,2017-07-26,20,14.6,25.9,0.2,6.3,68.6,0.4,-0.1,0.4123105625617661,2.92096815148684,0.447213595499958,284.03624346792645,943.5,226.3,0.05,2.45,0.02,2.59,799705,4718418,128,129
1005502,IT1011A,2017-01-12,1.4,-3.6,4.9,1,0,77.9,-0.8,1.5,1.7,1.56657056283075,1.044030650891055,151.92751306414704,953.4,20.9,0.08,0.17,0.04,0.5,799705,4718418,128,129
1005502,IT1011A,2017-05-27,17.4,8.9,24.6,0,0,58.8,-1,-1.4,1.7204650534085253,3.77452956653389,1.8384776310850235,35.537677791974374,954.6,270.3,0.04,1.8,0.03,2.26,799705,4718418,128,129
1005502,IT1011A,2017-02-15,5.7,-0.6,11.7,0,0,73.2,-0.2,-0.4,0.447213595499958,1.65204949167396,0.6324555320336759,26.565051177077976,967.6,133,0.02,0.53,0.01,0.81,799705,4718418,128,129
1005502,IT1011A,2017-02-16,6.5,-0.1,12.8,0,0,68.8,-0.4,0,0.4,1.39646618151245,0.447213595499958,90,965.4,136,0.01,0.53,0.01,0.8,799705,4718418,128,129
1005502,IT1011A,2018-01-21,6.3,2,9.9,1.7,1,91,-0.3,-0.1,0.31622776601683794,2.47381652880253,0.6708203932499369,71.56505117707798,942,50.4,0.16,0.47,0.05,0.97,799705,4718418,128,129
1005502,IT1011A,2017-05-28,19,10.1,26.2,0,0,56.4,-0.9,-1.1,1.4212670403551897,1.76290658534288,1.7204650534085253,39.289406862500385,955.7,282.1,0.03,1.87,0.03,2.08,799705,4718418,128,129
1005502,IT1011A,2017-09-14,17.1,12.7,22,0.1,0,82.1,0,1.9,1.9,4.64902625337918,0.6,180,953.3,157.3,0.04,1.02,0.04,1.17,799705,4718418,128,129
1005502,IT1011A,2017-09-26,13.9,8.9,18.8,0.7,0.2,82.2,-0.2,-0.6,0.6324555320336759,1.34942542115898,1.3038404810405295,18.434948822922024,954,132.4,0.06,1.2,0.04,1.24,799705,4718418,128,129
1005502,IT1011A,2016-12-23,3.5,-1.5,11.8,0,0,80.9,-0.9,-0.5,1.0295630140987,2.03958256736554,0.9219544457292886,60.945395900922875,963.3,77.3,0.02,0.14,0.01,0.23,799705,4718418,128,129
1005502,IT1011A,2016-12-25,5.4,0.3,10.8,0,0,71.4,-0.7,-0.6,0.9219544457292886,2.64474007650849,0.9486832980505138,49.39870535499551,959.9,71.6,0.01,0.2,0.01,0.31,799705,4718418,128,129
1005502,IT1011A,2017-11-16,7.1,4.8,10.6,0.5,5,91.5,-0.5,-1.6,1.6763054614240211,5.3702799585357,1.9235384061671343,17.35402463626133,949.7,56.4,0.09,0.66,0.08,0.66,799705,4718418,128,129
1005502,IT1011A,2017-01-26,1.3,-2.7,7.8,0,0,81.6,-0.6,-0.5,0.7810249675906654,1.78066288354844,1.140175425099138,50.19442890773482,957.8,96.5,0.02,0.35,0.01,0.63,799705,4718418,128,129
1005502,IT1011A,2017-09-05,19.8,14.3,25.4,0,0,60.7,0.3,-0.2,0.36055512754639896,2.06851958358081,0.4123105625617661,303.69006752597977,955.9,212.1,0.04,1.68,0.02,2.1,799705,4718418,128,129
1005502,IT1011A,2017-02-08,5.5,1.8,10.1,0.4,0.6,85.6,-0.6,-0.4,0.7211102550927979,1.39073295004726,1.5132745950421556,56.30993247402023,948.3,66.4,0.04,0.6,0.04,0.8,799705,4718418,128,129
1005502,IT1011A,2017-03-03,9.1,5.1,13.9,0,0.1,83.4,-0.1,0.5,0.5099019513592785,2.6909193770476,1.414213562373095,168.69006752597977,952.7,133.5,0.03,1.05,0.02,1.21,799705,4718418,128,129
1005502,IT1011A,2017-07-01,18.9,14.3,23.5,0.1,6.6,65.5,0.7,-0.2,0.7280109889280517,3.00732517554734,1.70293863659264,285.94539590092285,950.4,259.4,0.53,1.75,0.09,1.86,799705,4718418,128,129
1005502,IT1011A,2017-07-06,26.2,19.3,31.7,0,0,36.1,0.4,-0.5,0.6403124237432849,2.00132829086429,0.7211102550927979,321.3401917459099,956.1,285.8,0.02,2.12,0.01,2.61,799705,4718418,128,129
1005502,IT1011A,2018-01-20,5.7,2.8,9.5,1,2.1,90.1,-0.3,0.6,0.6708203932499369,2.62701304338241,2.308679276123039,153.43494882292202,946.5,78.5,0.09,0.48,0.03,1,799705,4718418,128,129
1005502,IT1011A,2018-01-31,5.7,1.8,9.5,0.8,0,88.8,-0.4,1.1,1.1704699910719625,2.32513313725033,0.36055512754639896,160.01689347810003,958.5,72.2,0.02,0.79,0.02,1.04,799705,4718418,128,129
1005502,IT1011A,2017-03-20,11.3,8.8,13.3,0.7,0.1,91.2,0.3,0.1,0.31622776601683794,1.28780850594178,1.2165525060596438,251.565051177078,949.2,64.2,0.04,0.58,0.03,0.85,799705,4718418,128,129
1005502,IT1011A,2017-04-09,13.8,5,21.5,0,0.1,65.9,-0.3,-0.1,0.31622776601683794,2.32471997471726,0.6708203932499369,71.56505117707798,958.3,229.9,0.02,1.79,0.01,2.47,799705,4718418,128,129
1005502,IT1011A,2017-08-07,29.1,21.8,35.1,0,0.5,38.8,0.5,-0.3,0.58309518948453,1.90380867676025,0.58309518948453,300.96375653207355,950.8,248.6,0.02,2.43,0.02,2.79,799705,4718418,128,129
1005502,IT1011A,2017-08-29,25.7,19.8,32.1,0,0,45,-0.6,-1.5,1.6155494421403511,3.88031629903458,0.9219544457292886,21.801409486351815,951.1,226.8,0.07,2.39,0.04,2.5,799705,4718418,128,129
1005502,IT1011A,2017-09-07,19.1,15.3,22.6,2.4,0.5,80.9,-0,1.7,1.7,2.68478034754841,1.2369316876852985,180,949.9,133.8,0.14,1.05,0.07,1.11,799705,4718418,128,129
1005502,IT1011A,2016-11-20,12,9.1,15.4,0.2,9.1,89.5,-0.5,0.7,0.8602325267042626,2.26672109487877,1.8027756377319943,144.46232220802565,952.2,71.2,0.07,0.75,0.01,0.92,799705,4718418,128,129
1005502,IT1011A,2016-12-14,4.1,0.3,7.8,0.2,0,88.9,-0.9,0.1,0.9055385138137416,1.43332930544378,0.8544003745317532,96.34019174590988,960.8,23.8,0.02,0.1,0.01,0.18,799705,4718418,128,129
1005502,IT1011A,2016-12-18,1.7,-2.3,7.1,0,0,83.5,-0.7,-0.2,0.7280109889280517,1.41571911814974,0.7810249675906654,74.05460409907712,966.1,78.7,0.03,0.26,0.01,0.37,799705,4718418,128,129
1005502,IT1011A,2016-12-31,0.8,-2.7,7.3,0,0,76.9,-0.7,-0.8,1.063014581273465,1.58337036240377,1.6278820596099708,41.18592516570965,963.4,74.6,0.09,0.27,0.02,0.39,799705,4718418,128,129
1005502,IT1011A,2017-04-15,12.9,8.9,17.8,0.8,0.1,79.7,0.2,1.2,1.2165525060596438,2.36647811856816,1.3,189.46232220802565,949.5,164.7,0.03,1.58,0.03,1.58,799705,4718418,128,129
1005502,IT1011A,2017-08-06,28.8,22.2,35.2,0.5,0,39.8,0.3,0.5,0.58309518948453,3.22402602267842,1.2041594578792296,210.96375653207352,949.8,238.2,0.02,2.12,0.02,2.64,799705,4718418,128,129
1005502,IT1011A,2017-08-12,18.5,14.5,21.5,5.7,1.9,65.7,0.5,-0.2,0.5385164807134505,2.58045068510483,2.2847319317591728,291.8014094863518,950.8,186.5,0.9,1.03,0.1,1.95,799705,4718418,128,129
1005502,IT1011A,2017-05-30,19.8,13.5,26.2,0.1,0,56.1,0.3,0.4,0.5,1.55599339731685,0.6082762530298219,216.869897645844,954,247.9,0.02,1.88,0.01,2.27,799705,4718418,128,129
1005502,IT1011A,2016-11-22,10.9,6.4,16.7,0,0,85,-0.8,0.3,0.8544003745317532,1.62241017596179,0.9219544457292886,110.55604521958348,954.3,78.8,0.02,0.87,0.01,0.98,799705,4718418,128,129
1005502,IT1011A,2017-06-27,25.2,19.2,32,0.2,0,60.2,0,2,2,1.63448536877045,0.5656854249492381,180,947.1,245.4,0.03,2.35,0.03,2.35,799705,4718418,128,129
1005502,IT1011A,2018-01-29,6.8,2.2,12.5,0,0,79.6,-0.5,-0.2,0.5385164807134505,1.52280018785161,0.58309518948453,68.19859051364818,966.5,105,0.01,0.39,0.01,0.65,799705,4718418,128,129
1005502,IT1011A,2018-01-18,3.5,-2.4,7.7,0,4.9,64.1,-0.7,1.2,1.3892443989449803,2.8726120224544,1.414213562373095,149.74356283647074,952,90.9,0.11,0.43,0.01,0.97,799705,4718418,128,129
1005502,IT1011A,2016-12-13,3.9,-1.5,10.6,0,0.1,83.1,-0.8,-0.3,0.8544003745317532,1.46951991957437,1.0816653826391966,69.44395478041653,960.5,78.7,0.05,0.35,0.01,0.57,799705,4718418,128,129
1005502,IT1011A,2017-08-15,24.4,16,30.9,0,0,48.6,0,-1.1,1.1,2.48751160294448,0.8246211251235323,360,956.1,244.3,0.03,2.12,0.02,2.65,799705,4718418,128,129
1005502,IT1011A,2017-03-18,8.6,3.9,13.7,0.1,0,80.1,-0.4,2.3,2.33452350598575,4.73357273533491,0.223606797749979,170.13419305691565,950.9,125.2,0.03,0.83,0.03,0.99,799705,4718418,128,129
1005502,IT1011A,2017-04-11,13.9,6.8,19.5,0.6,1.3,69,0,0.4,0.4,2.26245309828904,0.223606797749979,180,953.4,221.7,0.02,1.57,0.02,1.94,799705,4718418,128,129
1005502,IT1011A,2017-08-05,30.2,23.3,37.8,0,0,32.8,0.1,1.2,1.2041594578792296,2.97498897836942,0.6708203932499369,184.76364169072616,950.3,261.3,0.03,1.99,0.02,2.42,799705,4718418,128,129
1005502,IT1011A,2017-01-07,-5.2,-6.8,-2.7,0.1,0.5,60.9,-0.7,-2.3,2.4041630560342613,4.67122018089957,3.710795063055895,16.927513064147035,958.8,77.7,1.11,1.32,0.13,1.32,799705,4718418,128,129
1005502,IT1011A,2017-01-09,-1.2,-4.1,3.5,0.1,0,79.1,-0.3,-1.8,1.8248287590894656,3.11771334546977,1.118033988749895,9.462322208025626,953.2,72.7,0.4,1.12,0.07,1.32,799705,4718418,128,129
1005502,IT1011A,2017-05-21,14.2,9.9,18.7,0.6,2.1,75.3,-0.4,-2.4,2.4331050121192876,5.33434848669734,0.5385164807134505,9.462322208025626,952.8,160.3,0.06,1.38,0.05,1.44,799705,4718418,128,129
1005502,IT1011A,2017-08-23,22.6,14.2,30,0,0,45.1,0.4,-0.3,0.5,2.08936551770865,1.5297058540778354,306.86989764584405,953.6,240.9,0.05,1.63,0.02,2.18,799705,4718418,128,129
1005502,IT1011A,2017-02-09,4.9,1.7,9.3,1,0.4,86.2,-1,-1,1.4142135623730951,2.26512006249645,0.7211102550927979,45,948.9,66.4,0.08,0.52,0.08,0.65,799705,4718418,128,129
1005502,IT1011A,2017-06-04,20.5,14,26.7,0.3,0.1,59.1,0.3,1.1,1.140175425099138,2.87792179276962,0.3,195.25511870305775,950.8,264.5,0.02,1.56,0.02,1.79,799705,4718418,128,129
1005502,IT1011A,2017-06-24,25.8,19.6,32.7,0.1,0,50.2,0.5,0.7,0.8602325267042626,2.65982207691379,1,215.53767779197435,954.1,262.4,0.02,1.52,0.01,1.96,799705,4718418,128,129
1005502,IT1011A,2017-10-22,12.8,9.6,15.6,18.8,0,93.7,-0.4,1.7,1.746424919657298,4.08579385468525,0.36055512754639896,166.7594800848128,950.9,36.4,0.04,0.58,0.04,0.61,799705,4718418,128,129
1005502,IT1011A,2018-01-23,6,2,12.2,0,0,83,-0.8,-0.7,1.063014581273465,3.77548163332162,0.6,48.81407483429035,954.3,96,0.02,0.52,0.01,0.72,799705,4718418,128,129
1005502,IT1011A,2017-01-08,-2.5,-5.5,2.7,0,0.1,68.2,-0.2,-1.1,1.118033988749895,1.7245162131236,2.4041630560342613,10.304846468766016,955.5,73.2,0.11,0.41,0.04,0.52,799705,4718418,128,129
1005502,IT1011A,2017-02-19,4.2,-1.2,10.7,0,2.7,74,-0.4,-0.9,0.9848857801796104,1.90846467071751,1.0816653826391966,23.96248897457818,957.1,140.1,0.06,0.84,0.02,1.34,799705,4718418,128,129
1005502,IT1011A,2017-02-25,7.9,3.6,10.2,6.1,6.3,83.8,-0.8,-1.1,1.3601470508735445,1.85428847008919,2.1587033144922905,36.0273733851036,947.7,83.2,0.38,0.53,0.04,0.63,799705,4718418,128,129
1005502,IT1011A,2017-06-23,25.4,18.8,32,0,0.7,46.2,0.6,0.8,1,1.53756015484203,0.6,216.869897645844,955.2,280.5,0.02,1.51,0.02,1.97,799705,4718418,128,129
1005502,IT1011A,2016-11-27,6.9,1.8,13,0,0,84.1,-0.6,-0.3,0.6708203932499369,1.81364571717038,0.7211102550927979,63.434948822922024,948.3,87.7,0.01,0.55,0.01,0.78,799705,4718418,128,129
1005502,IT1011A,2016-12-20,4.7,1.9,8.4,3,1,95.1,-1.5,-0.6,1.6155494421403511,2.84647141317918,1.140175425099138,68.19859051364818,955.2,27.9,0.06,0.12,0.04,0.17,799705,4718418,128,129
1005502,IT1011A,2017-04-02,9.7,6.2,14.5,6.4,0,83.2,-0.4,-0.1,0.4123105625617661,2.32251036479501,1.2369316876852985,75.96375653207352,948.1,105.4,0.02,1.18,0.01,1.18,799705,4718418,128,129
1005502,IT1011A,2017-07-13,26.7,19.6,33.4,0,0,50.6,0.4,0.2,0.447213595499958,3.33444471085878,1.16619037896906,243.434948822922,949.3,254.5,0.02,2.32,0.02,2.85,799705,4718418,128,129
1005502,IT1011A,2017-12-03,3.1,1.2,5.6,2.9,0.1,90.3,-0.1,-0.8,0.806225774829855,1.99916156820478,1.2041594578792296,7.125016348901795,949.4,38.7,0.05,0.54,0.04,0.68,799705,4718418,128,129
1005502,IT1011A,2017-05-14,16.8,10.2,22,0,0,71.5,0.2,0.5,0.5385164807134505,3.90299144330633,1.044030650891055,201.80140948635184,957,235.5,0.03,1.35,0.01,1.37,799705,4718418,128,129
1005502,IT1011A,2017-09-15,18.1,15,21.2,0.2,0.1,80.5,-0.2,1.7,1.7117242768623688,2.11730581485862,1.9,173.29016319224309,949.8,121.6,0.21,1.15,0.09,1.15,799705,4718418,128,129
1005502,IT1011A,2017-09-20,11.3,8.4,15.6,4.8,31.9,83.2,0.2,-1.8,1.8110770276274837,4.82271790903376,1.077032961426901,353.6598082540901,950.1,123.8,0.18,1.1,0.02,1.43,799705,4718418,128,129
1005502,IT1011A,2017-12-09,3.3,-1.7,7.7,7.3,10.6,90.6,0.4,0.1,0.4123105625617661,2.7770553712513,2.5,255.96375653207352,945.2,50.8,0.97,0.09,0.06,1.22,799705,4718418,128,129
1005502,IT1011A,2018-01-15,3.5,-1.5,8.7,0.3,0.7,86.8,-0.5,0.5,0.7071067811865476,2.41340470340589,0.4123105625617661,135,955.7,81.9,0.02,0.83,0.01,0.91,799705,4718418,128,129
1005502,IT1011A,2017-06-21,23.9,16.9,30.8,0.3,0,49.4,0.7,0.2,0.7280109889280517,1.90183471266714,0.7615773105863908,254.05460409907715,953.8,280.3,0.02,1.88,0.02,2.26,799705,4718418,128,129
1005502,IT1011A,2018-02-15,0.7,-3.3,6.3,0,0.2,74.2,-0.3,-1.5,1.5297058540778354,1.49516619251643,1.2083045973594573,11.30993247402023,954.2,131,0.17,1.06,0.04,1.16,799705,4718418,128,129
1005502,IT1011A,2017-12-28,2.7,0.9,4.4,12.1,36.3,98,-0.2,1.6,1.61245154965971,4.28609032352285,3.059411708155671,172.8749836510982,928.1,26.6,0.52,0.72,0.02,0.93,799705,4718418,128,129
1005502,IT1011A,2017-06-02,20,13.8,25.7,0.3,0.1,49,0.3,0.7,0.7615773105863908,2.43607252842296,0.5656854249492381,203.19859051364816,954.8,276,0.01,1.98,0.01,2.22,799705,4718418,128,129
1005502,IT1011A,2017-06-08,20.9,13.5,27.1,0,0,54.5,-0.2,-1.3,1.315294643796591,4.15880524421193,1.118033988749895,8.74616226255523,953.2,273.2,0.06,2.01,0.02,2.1,799705,4718418,128,129
1005502,IT1011A,2017-07-04,22.7,14.2,28.7,0,0,55.4,0.2,-0.8,0.8246211251235323,1.89434443704186,1.6492422502470645,345.96375653207355,955.7,251.2,0.03,2.31,0.02,2.63,799705,4718418,128,129
1005502,IT1011A,2017-10-09,13.9,9.9,18.5,0,0,74.3,-0.3,0.3,0.4242640687119285,1.86420245239388,1.118033988749895,135,952.8,116.4,0.04,1.23,0.01,1.23,799705,4718418,128,129
1005502,IT1011A,2018-01-22,4,-1.4,9.7,0,1.7,80.5,-0.6,0,0.6,1.38980518005842,0.31622776601683794,90,949.2,85.6,0.05,0.39,0.02,0.62,799705,4718418,128,129
1005502,IT1011A,2016-12-08,5.1,0.1,11.4,0,0,79.7,-0.7,-0.3,0.7615773105863908,1.46817881011458,1.2727922061357857,66.80140948635182,968.5,79.9,0.04,0.24,0.01,0.35,799705,4718418,128,129
1005502,IT1011A,2017-04-10,13.9,6.2,20.9,1.3,0,69.3,-0.2,0.1,0.223606797749979,3.64274555978986,0.31622776601683794,116.56505117707798,956.7,222,0.02,1.62,0.01,1.91,799705,4718418,128,129
1005502,IT1011A,2017-08-10,27.9,21.8,35,0.3,0.2,44,0.3,2,2.0223748416156684,1.30108425784242,1.91049731745428,188.5307656099481,950.8,246.5,0.04,1.84,0.04,1.93,799705,4718418,128,129
1005502,IT1011A,2016-12-29,1,-1.3,3.9,0.1,0,68.2,-0.8,-2.1,2.247220505424423,3.57496336228141,1.3,20.854458039578333,965.4,80.4,0.05,1.61,0.05,1.68,799705,4718418,128,129
1005502,IT1011A,2016-12-30,0,-3,5.3,0,0.1,76.3,-0.3,-1.6,1.6278820596099708,5.13452490267653,2.247220505424423,10.619655276155129,965.7,77.7,0.18,0.91,0.11,1.01,799705,4718418,128,129
1005502,IT1011A,2017-05-02,12.3,6.4,17.7,0,1.5,68.6,0.4,-0.3,0.5,4.75262480881724,1.9026297590440449,306.86989764584405,952.7,247.3,0.12,1.76,0.01,2.03,799705,4718418,128,129
1005502,IT1011A,2017-05-23,18.6,12.1,24.1,0.3,0,63.4,0,-0.2,0.2,1.66493234725344,0.1,360,953.6,231.3,0.01,1.72,0.01,2.11,799705,4718418,128,129
1005502,IT1011A,2018-01-02,4.4,0.1,7.4,2.4,10.6,91.3,-0.4,-0.5,0.6403124237432849,3.45502611520963,1.8110770276274837,38.65980825409011,947,52.4,0.42,0.77,0.01,1.12,799705,4718418,128,129
1005502,IT1011A,2018-02-04,3.7,1,7.1,1.5,24.4,81.6,0.1,0.3,0.31622776601683794,1.60934255252618,2.5079872407968904,198.434948822922,947.2,86.2,0.47,1,0.02,1.26,799705,4718418,128,129
1005502,IT1011A,2017-04-30,11.3,3.9,17.4,0,0,67.8,0.1,-0.2,0.223606797749979,1.65169152655312,1.392838827718412,333.434948822922,948.7,241.9,0.08,1.55,0.02,1.79,799705,4718418,128,129
1005502,IT1011A,2017-09-21,12.8,6.1,18.4,0,4.8,69.6,-0.2,-0.1,0.223606797749979,2.01785582035252,1.8110770276274837,63.434948822922024,955,182.4,0.03,1.72,0.02,1.82,799705,4718418,128,129
1005502,IT1011A,2017-02-23,7.6,3.6,11.1,0.1,0.1,89.7,-0.2,1.4,1.414213562373095,1.5951235238343,0.9486832980505138,171.869897645844,953.1,73.9,0.02,0.7,0.02,0.84,799705,4718418,128,129
1005502,IT1011A,2017-10-27,12.9,8.8,16.9,0.2,0,76.8,-0.4,0.6,0.7211102550927979,4.57513612960731,0.4,146.3099324740202,954.3,110.8,0.02,0.8,0.01,0.86,799705,4718418,128,129
1005502,IT1011A,2017-03-24,12.4,5.8,19,0,0.3,74.8,-0.2,-0.1,0.223606797749979,2.02289078130019,1.2,63.434948822922024,956.4,165.7,0.02,0.93,0.01,1.33,799705,4718418,128,129
1005502,IT1011A,2017-11-24,9.9,7.5,13.9,0.1,0,86.4,-0.6,0.7,0.9219544457292886,2.42002447272354,0.8602325267042626,139.3987053549955,956.8,65.1,0.04,0.81,0.02,0.97,799705,4718418,128,129
1005502,IT1011A,2016-11-29,1.9,-0.3,4.1,0.1,0.2,67.2,-1.2,-2.3,2.5942243542145693,3.46016989724336,1.4422205101855958,27.55281157671783,955.1,79.1,0.49,1.14,0.22,1.15,799705,4718418,128,129
1005502,IT1011A,2017-03-31,12.8,4.9,20.3,0,0,66.7,-0.2,0.4,0.447213595499958,2.10852437359848,1.2041594578792296,153.43494882292202,958.2,218.8,0.02,1.42,0.01,1.68,799705,4718418,128,129
1005502,IT1011A,2017-04-24,11,5.1,17,0,0,71.8,0.1,1,1.004987562112089,1.26108210504593,1,185.71059313749964,954.8,216.5,0.02,1.4,0.01,1.59,799705,4718418,128,129
1005502,IT1011A,2017-01-17,0.7,-1.6,3.3,6.1,3.4,83.1,-1.3,-2.3,2.6419689627245813,5.52522668883596,2.1840329667841556,29.47588900324575,939.8,62.8,0.32,0.99,0.32,0.99,799705,4718418,128,129
1005502,IT1011A,2017-01-20,0.1,-4.1,6.6,0,0.7,86.8,-0.9,-0.7,1.140175425099138,1.93647498272537,1.6155494421403511,52.12501634890182,960.7,69.5,0.05,0.44,0.04,0.59,799705,4718418,128,129
1005502,IT1011A,2017-12-18,0.2,-3,4.9,0,0.6,79.5,-0.3,-1.1,1.140175425099138,1.516350315151,1.8027756377319943,15.255118703057777,955.9,78,0.11,0.81,0.04,1.08,799705,4718418,128,129
1005502,IT1011A,2018-02-14,0.8,-1.9,5.1,0.2,1.5,76.6,-0.5,-1.1,1.2083045973594573,4.02330372488658,1.4,24.443954780416533,946.7,72,0.03,0.57,0.03,1.26,799705,4718418,128,129
1005502,IT1011A,2017-01-02,4,0.5,7.8,0.9,0,81.2,-0.8,0.9,1.2041594578792296,1.86582157434363,0.8544003745317532,138.3664606634298,956.7,59.2,0.01,0.27,0.01,0.56,799705,4718418,128,129
1005502,IT1011A,2016-11-30,1.6,-2.6,8,0,0.1,77,-0.4,-1.1,1.1704699910719625,3.14103382045211,2.5942243542145693,19.98310652189997,962.7,87.4,0.18,0.57,0.01,0.67,799705,4718418,128,129
1005502,IT1011A,2017-04-03,10,5.6,14.4,0.3,6.4,79.3,-1.1,-1.5,1.8601075237738272,3.62916182846904,0.4123105625617661,36.2538377374448,949.7,125.3,0.06,1.25,0.04,1.5,799705,4718418,128,129
1005502,IT1011A,2017-04-20,4.9,-0.1,9.5,0.2,1,62,-0.5,-2.2,2.2561028345356955,2.97211002688728,2.6248809496813377,12.804266065286754,956.2,241.7,0.06,1.83,0.05,1.95,799705,4718418,128,129
1005502,IT1011A,2017-11-02,9.9,5.5,14.9,0,0,75.5,-0.4,0.8,0.894427190999916,2.43147965869008,0.4123105625617661,153.43494882292202,957.1,106.7,0.01,0.82,0.01,0.95,799705,4718418,128,129
1005502,IT1011A,2016-12-15,5.4,2,10.2,0,0.2,88.4,-0.7,-0.8,1.063014581273465,1.2762134674998,0.9055385138137416,41.18592516570965,959.5,68.4,0.01,0.62,0.01,0.82,799705,4718418,128,129
1005502,IT1011A,2016-12-17,2.7,-1.2,8.6,0,0,86.3,-0.6,-0.5,0.7810249675906654,1.5802720229495,1.0816653826391966,50.19442890773482,966.3,77,0.07,0.5,0.03,0.61,799705,4718418,128,129
1005502,IT1011A,2017-04-19,6,2.2,9.5,1,11.8,68.2,-0.8,-2.5,2.6248809496813377,3.66014200396998,0.9219544457292888,17.744671625056924,949.2,217.3,0.44,1.66,0.07,1.9,799705,4718418,128,129
1005502,IT1011A,2017-07-21,25.5,18.7,32.6,0,0,38,0.2,1.5,1.5132745950421556,1.58214294390835,0.894427190999916,187.59464336859145,950.8,266.6,0.02,1.76,0.02,1.98,799705,4718418,128,129
1005502,IT1011A,2017-07-22,25.5,19.1,31.8,0,0,44.4,0.5,1.7,1.772004514666935,3.33773923315983,1.5132745950421556,196.3895403340348,951.8,264.1,0.08,1.51,0.04,1.68,799705,4718418,128,129
1005502,IT1011A,2017-11-14,5.1,1.8,8.8,5.4,17.5,90.7,-0.8,-1.9,2.0615528128088303,5.31407352219461,2.220360331117452,22.833654177917538,941.8,56.3,0.07,0.89,0.07,0.95,799705,4718418,128,129
1005502,IT1011A,2017-11-17,8.2,4.3,14.1,0,0.5,86.8,-0.4,-1.1,1.1704699910719625,1.89597647919389,1.6763054614240211,19.98310652189997,949.8,90.3,0.09,0.58,0.05,0.79,799705,4718418,128,129
1005502,IT1011A,2017-11-22,9,5.6,13.1,0.1,0,87.2,-0.5,0.7,0.8602325267042626,1.85980586845157,1.063014581273465,144.46232220802565,955.7,63.2,0.03,0.66,0.02,0.88,799705,4718418,128,129
1005502,IT1011A,2017-01-30,3.1,-2.2,9.4,0,0,77.5,-0.6,0.3,0.6708203932499369,1.57203351750785,0.7810249675906654,116.56505117707798,957.6,105.2,0.01,0.39,0.01,0.67,799705,4718418,128,129
1005502,IT1011A,2017-05-08,11.7,6.2,18.8,17.3,12.4,88,-0.2,-0.6,0.6324555320336759,2.22285319881335,0.8062257748298549,18.434948822922024,945.5,190.4,0.04,1.65,0.03,1.65,799705,4718418,128,129
1005502,IT1011A,2018-01-12,4.9,2.3,8.8,3.6,6.2,92.6,-0.3,-1.3,1.3341664064126335,1.54367951715847,0.9055385138137416,12.994616791916483,948.1,46,0.07,0.52,0.07,0.77,799705,4718418,128,129
1005502,IT1011A,2016-11-21,11,6.3,16.2,0,0.2,86.8,-0.7,0.6,0.9219544457292886,0.866551936401252,0.8602325267042626,130.6012946450045,952.9,80.1,0.02,0.88,0.02,0.95,799705,4718418,128,129
1005502,IT1011A,2017-02-14,6.8,2.4,12,0,0,81,-0.2,-0.6,0.6324555320336759,1.12265688394167,0.5656854249492381,18.434948822922024,963.8,121.5,0.04,0.75,0.02,1.08,799705,4718418,128,129
1005502,IT1011A,2017-06-06,19.9,15.7,24.2,0.4,0.5,65.5,0.3,1.5,1.5297058540778354,3.61117527400481,0.5385164807134505,191.30993247402023,947.9,202.5,0.01,1.66,0.01,1.84,799705,4718418,128,129
1005502,IT1011A,2017-10-06,14.9,10.9,18.9,2,0,81.4,-0.4,0.5,0.6403124237432849,2.59806376289793,1.2165525060596438,141.3401917459099,945.8,92,0.08,1.04,0.08,1.04,799705,4718418,128,129
1005502,IT1011A,2018-02-07,4.3,1.1,7.5,6,5.8,96,-0.6,0.5,0.7810249675906654,2.23638602334538,1.2,129.80557109226518,939.9,41.4,0.03,0.56,0.01,0.74,799705,4718418,128,129
1005502,IT1011A,2017-12-21,-0.1,-3.1,5.6,0,0,83.9,-0.5,-1.5,1.5811388300841898,1.07030831463369,1.2083045973594573,18.434948822922024,962.9,72.8,0.1,0.86,0.08,0.9,799705,4718418,128,129
1005502,IT1011A,2017-02-12,7.3,2.9,12.6,0.1,0.1,83.1,-0.6,-0.1,0.6082762530298219,1.50325308023093,0.4,80.5376777919744,959.5,92.4,0.02,0.76,0.01,0.88,799705,4718418,128,129
1005502,IT1011A,2017-02-20,4.5,0.2,10,0.1,0,73.2,-0.3,-0.6,0.6708203932499369,1.61380734667668,0.9848857801796104,26.565051177077976,956.6,134.5,0.01,0.9,0.01,1.11,799705,4718418,128,129
1005502,IT1011A,2017-09-28,15.2,9.9,21.2,0.1,0,78.3,-0.5,-1.3,1.392838827718412,1.85722510303356,0.8246211251235323,21.03751102542182,958.2,155.1,0.03,1.25,0.03,1.34,799705,4718418,128,129
1005502,IT1011A,2017-10-24,10.2,5.2,15.2,0,5.6,64.5,-0.4,-2.6,2.6305892875931813,1.68406301465775,1.94164878389476,8.74616226255523,952.9,129.2,0.07,1.9,0.05,1.97,799705,4718418,128,129
1005502,IT1011A,2018-02-11,2.4,-1.5,7.1,0,0,76.4,-0.1,-1.5,1.503329637837291,1.74543583765559,1.788854381999832,3.814074834290352,943.8,123.9,0.12,0.98,0.01,1.11,799705,4718418,128,129
1005502,IT1011A,2017-11-27,3,-0.3,6.8,0,13.2,73.9,-0.4,-2,2.039607805437114,1.98748627080203,0.6,11.30993247402023,955,89,0.6,1.32,0.08,1.45,799705,4718418,128,129
1005502,IT1011A,2016-12-04,7,3.9,11.3,0,0,88.1,-0.6,-0.5,0.7810249675906654,1.32970196116562,0.7,50.19442890773482,957.7,52.8,0.03,0.42,0.02,0.51,799705,4718418,128,129
1005502,IT1011A,2016-12-22,4.3,-1.1,11.1,0,0,83.4,-0.7,-0.6,0.9219544457292886,1.66597956583283,1.252996408614167,49.39870535499551,962.7,77.5,0.04,0.26,0.02,0.36,799705,4718418,128,129
1005502,IT1011A,2017-11-15,7.7,5.8,11.1,5,5.4,91.9,-0.3,-1.9,1.9235384061671343,2.1297856572383,2.0615528128088303,8.972626614896399,947,49.5,0.65,0.76,0.1,0.76,799705,4718418,128,129
1005502,IT1011A,2017-01-16,0.1,-1.2,2.8,3.4,3.2,84.7,-0.6,-2.1,2.1840329667841556,1.90937324408011,1.4212670403551897,15.945395900922849,940.2,49.1,0.58,0.92,0.47,0.95,799705,4718418,128,129
1005502,IT1011A,2017-01-25,2.4,-1.6,9.1,0,0.6,82.7,-0.7,-0.9,1.140175425099138,1.57273592513083,1.140175425099138,37.874983651098205,952.2,93.9,0.06,0.38,0.02,0.56,799705,4718418,128,129
1005502,IT1011A,2017-02-01,7.2,3.8,9.5,1.5,0.3,94.2,-0.5,1.9,1.96468827043885,1.1575310834187,1.5231546211727816,165.25643716352926,957.4,27.4,0.12,0.61,0.12,0.79,799705,4718418,128,129
1005502,IT1011A,2017-08-26,26.4,19.1,33.5,0,0,41,0.4,-0.2,0.447213595499958,1.78598149009368,0.6708203932499369,296.565051177078,955.1,223.7,0.02,1.93,0.01,3,799705,4718418,128,129
1005502,IT1011A,2017-08-27,27.8,20.9,34.4,0,0,32.3,0.4,-0.4,0.5656854249492381,1.96780275760896,0.447213595499958,315,953.1,229.3,0.02,2.15,0.02,2.83,799705,4718418,128,129
1005502,IT1011A,2017-12-12,10,9.2,10.8,20.7,14.8,96.8,-0.1,2.8,2.80178514522438,6.76831824165622,4.5,177.95459151111277,946.9,14,1.23,0.68,0.19,1.23,799705,4718418,128,129
1005502,IT1011A,2017-12-23,2.5,-1.7,9.7,0,0,82.1,-0.4,-1.2,1.2649110640673518,1.88704406089449,1.6492422502470645,18.434948822922024,962.7,76.3,0.08,0.54,0.01,0.57,799705,4718418,128,129
1005502,IT1011A,2017-12-24,4.3,-1.1,10.7,0,0,74.1,-0.9,-0.4,0.9848857801796104,1.64940133617189,1.2649110640673518,66.03751102542182,963.7,77.8,0.01,0.16,0.01,0.24,799705,4718418,128,129
1005502,IT1011A,2016-11-23,10.4,5.5,16.1,0,0,87.7,-0.9,0.1,0.9055385138137416,2.74402121677589,0.8544003745317532,96.34019174590988,956.1,64.7,0.01,0.59,0.01,0.72,799705,4718418,128,129
1005502,IT1011A,2017-02-28,7,1.8,11.4,4.1,0,85.3,-0.1,3,3.0016662039607267,6.76977117099267,1.2165525060596438,178.0908475670036,947.1,101.9,0.06,1.25,0.05,1.31,799705,4718418,128,129
1005502,IT1011A,2017-06-12,22.1,13.1,29.7,0,0,50,0.4,0.1,0.4123105625617661,2.53432417997197,1.7204650534085253,255.96375653207352,953,284.4,0.04,1.54,0.02,1.88,799705,4718418,128,129
1005502,IT1011A,2017-07-09,26.9,20.5,33.6,0,0,39,0.3,0.9,0.9486832980505138,2.66382696602335,0.5099019513592785,198.434948822922,952.1,272.3,0.03,1.51,0.01,2.13,799705,4718418,128,129
1005502,IT1011A,2017-10-30,11.3,6.1,17,0.1,0.1,82,-0.6,-0.1,0.6082762530298219,1.3675448957754,1.6155494421403511,80.5376777919744,948.2,98.5,0.03,1.05,0.02,1.21,799705,4718418,128,129
1005502,IT1011A,2016-12-21,6,2.2,12.7,0,3,94.4,-1.1,-0.6,1.252996408614167,2.12030653658426,1.6155494421403511,61.38954033403479,958.1,65.4,0.04,0.33,0.02,0.57,799705,4718418,128,129
1005502,IT1011A,2017-07-19,24.1,17.7,30.9,0,0,44.2,0.5,0.7,0.8602325267042626,1.85492534355975,0.36055512754639896,215.53767779197435,954.6,273.7,0.02,1.89,0.01,2.3,799705,4718418,128,129
1005502,IT1011A,2017-01-29,2,-2.6,8.7,0,0,77.5,-0.6,-0.5,0.7810249675906654,1.77279953379543,1.0295630140987,50.19442890773482,957,103.2,0.02,0.35,0.01,0.57,799705,4718418,128,129
1005502,IT1011A,2017-02-07,6.5,3.5,10.9,0.6,19.1,86,-0.2,-1.5,1.5132745950421556,1.73529557923284,0.1,7.594643368591448,945.2,85.6,0.2,0.84,0.04,0.98,799705,4718418,128,129
1005502,IT1011A,2018-01-11,4.8,1.6,8.8,6.2,0.5,91.6,-0.9,-0.1,0.9055385138137416,2.04853932207619,0.5385164807134505,83.65980825409011,945.5,46.2,0.02,0.43,0.02,0.61,799705,4718418,128,129
1005502,IT1011A,2017-02-24,8.8,4.1,13.9,6.3,0.1,82.6,-0.5,2.1,2.1587033144922905,5.10194501176985,1.414213562373095,166.60750224624888,946.8,107.2,0.22,0.8,0.09,1.07,799705,4718418,128,129
1005502,IT1011A,2017-03-14,6.6,-1.6,15.2,0,0,66.6,-0.6,-0.9,1.0816653826391966,2.69166881102723,1.2806248474865698,33.69006752597977,960.2,184.5,0.03,1.04,0.02,1.44,799705,4718418,128,129
1005502,IT1011A,2017-12-11,9.2,6,10.7,14.8,5.6,95.5,0,4.5,4.5,1.57480131080968,2.1470910553583886,180,941.9,34,0.75,1.21,0.75,1.36,799705,4718418,128,129
1005502,IT1011A,2018-01-13,3.7,0.4,9.1,0,3.6,86.1,-0.4,-1.4,1.4560219778561034,4.40083702316483,1.3341664064126335,15.945395900922849,952.1,75.5,0.09,0.75,0.03,1.01,799705,4718418,128,129
1005502,IT1011A,2017-02-13,7.3,2.8,12.8,0,0.1,81.2,-0.4,-0.4,0.5656854249492381,2.655820123315,0.6082762530298219,45,960.8,111.2,0.02,1.06,0.02,1.47,799705,4718418,128,129
1005502,IT1011A,2017-06-05,21.1,14.3,27.5,0.5,0.3,58.2,0.2,0.5,0.5385164807134505,1.31124376167466,1.140175425099138,201.80140948635184,948.9,258.7,0.01,1.82,0.01,2.15,799705,4718418,128,129
1005502,IT1011A,2017-10-20,14.8,9.9,20,0,0,78.2,-0.2,-0.1,0.223606797749979,1.26087200133518,0.31622776601683794,63.434948822922024,955.1,134,0.02,1.03,0.01,1.28,799705,4718418,128,129
1005502,IT1011A,2016-12-24,4.7,-0.8,11.5,0,0,76.8,-0.9,-0.3,0.9486832980505138,1.68026842539701,1.0295630140987,71.56505117707798,962.9,77.9,0.01,0.14,0.01,0.21,799705,4718418,128,129
1005502,IT1011A,2017-11-05,11.7,8.1,16.1,8.3,0,83.1,-1,2,2.23606797749979,1.75314098861591,0.5656854249492381,153.43494882292202,948.2,68,0.03,1.15,0.03,1.15,799705,4718418,128,129
1005502,IT1011A,2017-11-21,6.6,2.4,11.4,0,0,80.7,-0.8,0.7,1.063014581273465,1.7940815701386,0.6082762530298219,131.18592516570965,955.4,59.3,0.03,0.48,0.02,0.73,799705,4718418,128,129
1005502,IT1011A,2017-12-13,6.8,2.3,9.1,20.4,20.7,96.7,-0.2,1.2,1.2165525060596438,2.45545294092955,2.80178514522438,170.53767779197435,952.1,35.6,0.34,0.71,0.05,0.71,799705,4718418,128,129
1005502,IT1011A,2016-11-19,11.3,9.5,12.9,9.1,0.6,96.9,-0.6,1.7,1.8027756377319943,1.22948388813171,1.5811388300841898,160.55996517182382,951.1,25.1,0.04,0.66,0.04,0.7,799705,4718418,128,129
1005502,IT1011A,2017-03-09,8,-0,16.6,0,0.3,66.5,-0.3,-1.4,1.4317821063276353,1.62481559286361,3.3241540277189325,12.094757077012105,952.2,173.1,0.08,0.74,0.02,0.88,799705,4718418,128,129
1005502,IT1011A,2017-06-25,24.3,18.6,30,1.2,0.1,64.4,0.4,1.7,1.746424919657298,2.58444116705585,0.8602325267042626,193.2405199151872,951.6,255.6,0.04,1.28,0.04,1.44,799705,4718418,128,129
1005502,IT1011A,2017-10-14,15.1,7.6,22.6,0,0,68.9,-0.3,-0.4,0.5,2.26288840540325,0.5099019513592785,36.86989764584402,962.4,152.2,0.02,0.65,0.02,0.86,799705,4718418,128,129
1005502,IT1011A,2017-10-18,15.2,11.2,21,0,0,66,-0.3,0.4,0.5,2.01152049316175,0.6403124237432849,143.13010235415598,956.2,145.1,0.02,0.75,0.01,0.95,799705,4718418,128,129
1005502,IT1011A,2018-02-18,6.6,5.2,8.3,4.3,0.8,95.8,-0.6,0.9,1.0816653826391966,3.35037696211966,0.7615773105863908,146.30993247402023,950,24.5,0.09,0.51,0.04,0.56,799705,4718418,128,129
1005502,IT1011A,2016-12-26,5.8,-0.4,13.4,0,0,75.2,-1,0.1,1.004987562112089,1.73687052530072,0.9219544457292886,95.71059313749964,963,77.4,0.01,0.13,0.01,0.19,799705,4718418,128,129
1005502,IT1011A,2017-04-04,11.6,3.6,19.8,1.6,0.3,72.2,-0.6,-0.6,0.848528137423857,2.66075719418902,1.8601075237738272,45,950.4,201.7,0.04,2.23,0.01,2.62,799705,4718418,128,129
1005502,IT1011A,2017-04-18,9.7,4.4,13.9,11.8,0.7,78.9,-0.2,0.9,0.9219544457292888,3.85661863118043,0.9486832980505138,167.47119229084848,944.7,145.3,0.01,0.89,0.01,1.05,799705,4718418,128,129
1005502,IT1011A,2016-12-19,1.9,-2.2,6.1,1,0,83.4,-1.1,-0.3,1.140175425099138,0.915843801102293,0.7280109889280517,74.74488129694225,960.2,46.8,0.02,0.16,0.01,0.19,799705,4718418,128,129
1005502,IT1011A,2017-03-29,10.4,1.2,18.9,0,0,65.1,-0.4,-0.8,0.894427190999916,1.95563204061827,0.4123105625617661,26.565051177077976,957.2,218.9,0.02,1.15,0.02,1.82,799705,4718418,128,129
1005502,IT1011A,2017-05-20,14.6,10.8,19,2.1,2.7,78.6,0.5,-0.2,0.5385164807134505,2.34358842883866,1.3,291.8014094863518,951.2,203.4,0.04,1.1,0.03,1.9,799705,4718418,128,129
1005502,IT1011A,2017-06-20,23.2,16.4,30.2,0,0,53.3,0.7,0.3,0.7615773105863908,3.05256836404271,0.9486832980505138,246.80140948635184,955.8,263.1,0.05,2.11,0.02,2.39,799705,4718418,128,129
1005502,IT1011A,2017-04-27,13.8,11.6,17.3,12.6,0.2,82.8,-0.4,3.3,3.324154027718932,7.13191474830167,2.8160255680657444,173.0887728809753,946.7,132.6,0.68,1,0.66,1.22,799705,4718418,128,129
1005502,IT1011A,2017-09-04,17.2,10.5,23,0,5.8,63.1,0.1,0.4,0.4123105625617661,1.42385931243177,0.6403124237432849,194.03624346792645,952.8,203.8,0.03,1.7,0.03,2.02,799705,4718418,128,129
1005502,IT1011A,2017-09-19,13.3,10.8,15.8,31.9,0.6,90.3,0.4,1,1.077032961426901,2.28194086621128,1.315294643796591,201.80140948635184,947.1,131.9,0.59,1.7,0.05,1.7,799705,4718418,128,129
1005502,IT1011A,2017-12-16,4.1,0.6,7.6,6.4,38.1,92.8,-0.5,1,1.118033988749895,2.71192735855435,2.1840329667841556,153.43494882292202,940.1,58,0.6,0.68,0.02,1.05,799705,4718418,128,129
1005502,IT1011A,2018-01-04,6.1,1.9,9.9,0.8,3.2,90.1,-0.9,0.7,1.140175425099138,1.69132813452149,1.4212670403551897,127.87498365109818,945.4,44.1,0.02,0.32,0.02,0.41,799705,4718418,128,129
1005502,IT1011A,2017-03-02,7.6,2.6,13.1,0.1,8.3,80.6,-0.2,1.4,1.414213562373095,4.17396097264191,1.4212670403551897,171.869897645844,952.9,130.2,0.03,0.88,0.02,1.13,799705,4718418,128,129
1005502,IT1011A,2017-10-03,14.7,8.8,19.7,0,1.3,81.7,-0.3,0.9,0.9486832980505138,3.8425323396103,0.2,161.56505117707798,957.2,136.4,0.02,1.15,0.01,1.32,799705,4718418,128,129
1005502,IT1011A,2018-02-02,7.9,6.1,9.8,25.6,2.9,95.3,-0.4,2.6,2.6305892875931813,3.3328407575877,2.9068883707497264,171.25383773744477,939.5,54,0.7,1.12,0.57,1.16,799705,4718418,128,129
1005502,IT1011A,2018-02-06,4,-0.1,8.7,5.8,0.1,91.4,-1.2,0,1.2,2.62699334315022,0.5385164807134505,90,945.2,53.6,0.02,0.37,0.02,1.01,799705,4718418,128,129
1005502,IT1011A,2016-12-27,6.7,1.8,12.3,0,0,72.9,-0.6,-0.9,1.0816653826391966,1.66613396041127,1.004987562112089,33.69006752597977,962.9,76.5,0.01,0.31,0.01,0.43,799705,4718418,128,129
1005502,IT1011A,2017-04-23,9.9,2.6,16.3,0,0,72.7,0,1,1,2.33930885474345,0.4242640687119285,180,954.2,226.7,0.01,1.23,0.01,1.66,799705,4718418,128,129
1005502,IT1011A,2016-12-11,6.6,2.7,11,0.1,0,84.1,-0.7,0.2,0.7280109889280517,1.29718772305921,0.8062257748298549,105.94539590092288,956.6,57.2,0.02,0.25,0.01,0.48,799705,4718418,128,129
1005502,IT1011A,2017-03-27,7.7,3.3,12.5,0,1.3,66.7,-0.8,-1.7,1.8788294228055935,1.62220929296516,0.9433981132056604,25.201123645475093,954.5,199.5,0.09,1.53,0.06,1.98,799705,4718418,128,129
1005502,IT1011A,2017-08-01,29.3,20.5,37,0,0,41.8,0.3,-0.2,0.36055512754639896,2.10319540134474,0.223606797749979,303.69006752597977,955.2,257,0.02,2.5,0.01,3.29,799705,4718418,128,129
1005502,IT1011A,2017-09-03,15.1,11.5,18.6,5.8,1.8,74,0.4,-0.5,0.6403124237432849,1.67783110446458,2.5179356624028344,321.3401917459099,947.7,169.5,0.33,1.56,0.04,1.73,799705,4718418,128,129
1005502,IT1011A,2018-01-27,6.1,0.9,12.1,0,0,84.3,-0.6,-0.4,0.7211102550927979,2.13322277712372,1.140175425099138,56.30993247402023,961.9,87.8,0.02,0.74,0.01,0.99,799705,4718418,128,129
1005502,IT1011A,2017-05-24,19.7,13.4,25.5,0.1,0.3,59.4,0.4,-0.1,0.4123105625617661,1.6479783807817,0.2,284.03624346792645,953.6,235.2,0.02,1.6,0.01,2.09,799705,4718418,128,129
1005502,IT1011A,2017-12-29,1.3,-1.8,5.8,1.1,12.1,89.7,-0.3,-1.1,1.140175425099138,2.7023039017739,1.61245154965971,15.255118703057777,943.1,59.2,0.02,0.86,0.01,0.97,799705,4718418,128,129
1005502,IT1011A,2018-01-07,7.2,1.8,15.7,0,0,81.7,-1.5,0.1,1.503329637837291,1.89368099349668,1.2041594578792296,93.81407483429037,951.9,69.3,0.02,0.96,0.01,1.13,799705,4718418,128,129
1005502,IT1011A,2018-01-10,5.4,1.3,9.6,0.5,24.1,86.4,-0.5,-0.2,0.5385164807134505,1.51037859559464,1.772004514666935,68.19859051364818,951.4,81.3,0.08,0.64,0.01,0.72,799705,4718418,128,129
1005502,IT1011A,2017-10-21,14.6,9.7,20.5,0,0,75.8,-0.2,0.3,0.36055512754639896,1.47499783618491,0.223606797749979,146.3099324740202,956.6,134.5,0.02,0.91,0.01,1.01,799705,4718418,128,129
1005502,IT1011A,2017-07-12,25.8,19.6,32.2,0,0,50.8,0.6,1,1.16619037896906,3.8094405000621,1.4560219778561034,210.96375653207352,951.7,277,0.04,1.73,0.02,2,799705,4718418,128,129
1005502,IT1011A,2017-07-30,25.4,18.9,31.8,0,0,57.8,0.4,0.8,0.894427190999916,2.79102110475252,0.8062257748298549,206.565051177078,953.5,260.7,0.01,1.52,0.01,1.81,799705,4718418,128,129
1005502,IT1011A,2016-11-28,6.3,2.6,12.1,0.2,0,87.1,-0.8,-1.2,1.4422205101855958,5.49270582130107,0.6708203932499369,33.6900675259798,946.1,68.1,0.02,0.48,0.02,0.72,799705,4718418,128,129
1005502,IT1011A,2017-07-25,20.1,17.2,24.2,6.3,5.8,78.9,0.2,0.4,0.447213595499958,3.5947955904908,2.0223748416156684,206.565051177078,942.1,193,0.15,1.22,0.03,1.5,799705,4718418,128,129
1005502,IT1011A,2017-01-19,0.1,-2.9,3.7,0.7,7.4,88.6,-0.6,-1.5,1.6155494421403511,2.9302797046998,2.3769728648009427,21.801409486351815,954.9,57.1,0.29,0.61,0.05,0.63,799705,4718418,128,129
1005502,IT1011A,2017-01-24,4.2,0.2,9.2,0.6,0.8,93,-0.7,-0.9,1.140175425099138,2.05962420399402,1.3038404810405295,37.874983651098205,948.4,55.5,0.07,0.39,0.05,0.43,799705,4718418,128,129
1005502,IT1011A,2017-01-31,5,2.6,8.3,0.3,0,90.5,-0.6,1.4,1.5231546211727816,3.87480640491093,0.6708203932499369,156.80140948635182,957.3,40.7,0.03,0.75,0.03,0.75,799705,4718418,128,129
1005502,IT1011A,2017-08-24,24.5,17.9,31.3,0,0,48.2,0.4,0.5,0.6403124237432849,2.03826354616521,0.5,218.65980825409008,955.9,222.3,0.02,1.86,0.01,2.26,799705,4718418,128,129
1005502,IT1011A,2017-08-28,28.5,22.4,34.8,0,0,29.6,0.6,-0.7,0.9219544457292886,1.80641724588649,0.5656854249492381,319.3987053549955,951.4,227.5,0.02,1.98,0.02,2.78,799705,4718418,128,129
1005502,IT1011A,2017-09-22,14.6,9.8,19.8,0,0,67.7,-0.1,0,0.1,1.4052883064676,0.223606797749979,90,956.9,189.1,0.02,1.36,0.01,1.46,799705,4718418,128,129
1005502,IT1011A,2017-03-04,8.5,3.9,13.7,10.1,0,86.6,-0.4,2.9,2.9274562336608896,8.97677453299469,0.5099019513592785,172.14668669802177,946.7,97.9,0.04,1.48,0.04,1.48,799705,4718418,128,129
1005502,IT1011A,2018-01-24,5.3,-0.3,11.2,0,0,79.3,-0.5,-0.4,0.6403124237432849,1.24299404185476,1.063014581273465,51.34019174590992,963.6,91.4,0.03,0.49,0.01,0.78,799705,4718418,128,129
1005502,IT1011A,2017-01-21,0.6,-3.3,7.2,0,0,87.3,-1.3,-0.6,1.4317821063276357,1.73691104459386,1.140175425099138,65.22485943116808,959,73.6,0.04,0.46,0.04,0.5,799705,4718418,128,129
1005502,IT1011A,2017-11-04,11.7,6.6,16.9,0,2.6,85.8,-0.4,0.4,0.5656854249492381,1.60963647142936,0.7211102550927979,135,953.5,94.4,0.01,0.96,0.01,1.1,799705,4718418,128,129
1005502,IT1011A,2017-04-07,10.8,3.3,16.9,0.1,0.8,69.3,-0.1,-0.7,0.7071067811865475,2.28218042254731,0.5385164807134505,8.130102354156008,953.1,210.3,0.04,1.54,0.02,2.01,799705,4718418,128,129
1005502,IT1011A,2017-11-03,12,9.5,15.4,2.6,0,85.4,-0.4,0.6,0.7211102550927979,1.55313475330349,0.894427190999916,146.3099324740202,953.3,73.9,0.04,0.4,0.01,0.55,799705,4718418,128,129
1005502,IT1011A,2017-02-06,7.5,4.7,10.3,19.1,7.6,95.1,0.1,0,0.1,2.13375887498523,2.3537204591879637,270,933.8,54.1,0.59,0.48,0.04,0.63,799705,4718418,128,129
1005502,IT1011A,2017-05-22,16.9,8.5,23.7,0,0.6,66.9,0,0.1,0.1,2.8759839868278,2.4331050121192876,180,953.5,261.4,0.04,1.71,0.01,2.01,799705,4718418,128,129
1005502,IT1011A,2017-09-09,17.8,13.1,22.1,0,0.1,72.4,0.1,2,2.0024984394500787,1.72332734378126,0.8,182.86240522611175,945.5,154.4,0.02,1.51,0.02,1.66,799705,4718418,128,129
1005502,IT1011A,2017-01-11,-2.5,-5,1.3,0,0,70.1,-0.3,-1,1.044030650891055,3.50134514814449,1.0816653826391966,16.699244233993625,949.6,82.8,0.25,0.61,0.03,0.7,799705,4718418,128,129
1005502,IT1011A,2017-01-28,2.2,-1.8,9.1,0,0,79.8,-0.9,-0.5,1.0295630140987,1.20088542509513,0.6324555320336759,60.945395900922875,957,76.2,0.01,0.18,0.01,0.38,799705,4718418,128,129
1005502,IT1011A,2017-05-04,12.8,8.4,17.2,1.4,0.1,72,0.3,1.2,1.2369316876852985,1.75463444682213,0.4123105625617661,194.03624346792645,952.1,192.9,0.03,1.48,0.02,1.48,799705,4718418,128,129
1005502,IT1011A,2017-05-31,20.3,14.3,26.6,0,0.1,53.9,0.5,0.5,0.7071067811865476,2.6040820048889,0.5,225,956.7,264.1,0.02,1.78,0.01,2.08,799705,4718418,128,129
1005502,IT1011A,2017-09-12,16.7,12.4,21.8,0.4,51.3,81.3,0.1,1.9,1.9026297590440449,5.80701624966127,0.28284271247461906,183.01278750418336,946.2,184,0.07,1.28,0.06,1.5,799705,4718418,128,129
1005502,IT1011A,2017-09-13,16.8,11,21.8,0,0.4,78,0,0.6,0.6,1.31375714989505,1.9026297590440449,180,954.8,194.9,0.16,1.08,0.03,1.34,799705,4718418,128,129
1005502,IT1011A,2017-10-16,15.9,8,23.5,0,0,61.5,-0.5,-0.1,0.5099019513592785,1.91173984399278,0.5,78.6900675259798,962.7,150.5,0.01,0.65,0.01,0.89,799705,4718418,128,129
1005502,IT1011A,2017-03-30,12,2.8,20.7,0,0,64.1,-0.8,-0.9,1.2041594578792296,3.55665307716825,0.894427190999916,41.63353933657021,958.8,219.1,0.03,1.58,0.02,1.85,799705,4718418,128,129
1005502,IT1011A,2017-08-11,22.3,18.4,26.6,1.9,0.3,64,0.9,2.1,2.2847319317591728,5.0345612708927,2.0223748416156684,203.19859051364816,950.4,226.5,0.61,1.93,0.35,2.04,799705,4718418,128,129
1005502,IT1011A,2017-03-21,13,7.8,17.9,0.1,0.7,80.7,0.3,0.1,0.31622776601683794,1.89757300893284,0.31622776601683794,251.565051177078,947.2,153.4,0.05,1.24,0.01,1.56,799705,4718418,128,129
1005502,IT1011A,2017-07-15,23.8,17.4,30.1,0,2.5,55.2,-0.5,-1.6,1.6763054614240211,4.22297157360068,0.31622776601683794,17.35402463626133,948.7,262.8,0.06,2.37,0.06,2.53,799705,4718418,128,129
1005502,IT1011A,2017-02-02,8.7,6.7,10.9,0.6,1.5,86,-0.7,2.1,2.2135943621178655,4.71191248798304,1.96468827043885,161.56505117707798,956.8,45,0.29,1.02,0.18,1.02,799705,4718418,128,129
1005502,IT1011A,2017-09-17,15.7,12.4,18.8,34.7,48,81.1,0.8,1.2,1.4422205101855958,1.56629463587903,1.5132745950421556,213.69006752597977,950.7,154.2,0.11,1.2,0.05,1.34,799705,4718418,128,129
1005502,IT1011A,2017-09-18,14.9,10.1,19.7,0.6,34.7,75.9,-0.2,1.3,1.315294643796591,2.85680310828554,1.4422205101855958,171.25383773744477,952,172,0.05,1.35,0.02,1.62,799705,4718418,128,129
1005502,IT1011A,2017-12-20,-0.4,-2.8,4.6,0,0,79.9,-0.5,-1.1,1.2083045973594573,2.22381038661063,1.0816653826391966,24.443954780416533,962.3,73.4,0.04,0.76,0.04,1.06,799705,4718418,128,129
1005502,IT1011A,2017-06-11,22.4,14.3,28.9,0,0,48.8,-1,-1.4,1.7204650534085253,1.32252830602294,0.5656854249492381,35.537677791974374,953.3,282.5,0.02,2.37,0.02,2.48,799705,4718418,128,129
1005502,IT1011A,2017-07-02,19.2,13,24.3,0.2,0.1,59,0.3,-1.5,1.5297058540778354,2.40268250267972,0.7280109889280517,348.69006752597977,950.2,261.2,0.09,2.16,0.04,2.34,799705,4718418,128,129
1005502,IT1011A,2017-10-02,14.8,10.2,19.2,1.3,2.3,85,-0.2,-0,0.2,2.01156659872462,0.1,90,957.5,134.7,0.04,1.04,0.02,1.23,799705,4718418,128,129
1005502,IT1011A,2017-02-17,6.4,2.3,11.1,0.8,0,84.6,-0.2,0.8,0.8246211251235323,1.87976976110896,0.4,165.9637565320735,960.8,87.4,0.02,0.9,0.01,1.2,799705,4718418,128,129
1005502,IT1011A,2017-02-26,7.7,0.9,14.3,0,6.1,78.7,-0.1,-0.3,0.31622776601683794,1.63989078879314,1.3601470508735445,18.434948822922024,952.5,149.2,0.07,0.73,0.03,1.1,799705,4718418,128,129
1005502,IT1011A,2017-09-25,13.7,9.1,17.7,0.2,0,81.9,0.1,-1.3,1.3038404810405295,1.68910951159407,0.223606797749979,355.6012946450045,953,143.3,0.03,1.09,0.02,1.09,799705,4718418,128,129
1005502,IT1011A,2017-10-29,9.8,5.7,14,0.1,0,80.2,-0.6,1.5,1.6155494421403511,4.66393550743967,1.3601470508735445,158.19859051364818,947.3,63.2,0.02,0.85,0.02,0.92,799705,4718418,128,129
1005502,IT1011A,2017-11-20,5.2,-0.4,10.6,0,0,80.1,-0.6,-0.1,0.6082762530298219,1.66659253028956,0.5,80.5376777919744,954.1,96.4,0.11,0.62,0.03,0.72,799705,4718418,128,129
1005502,IT1011A,2017-12-08,6.6,4.9,8.8,10.6,0,92.3,-0,2.5,2.5,4.12436060113908,0.8602325267042626,180,955.4,42.3,0.06,1,0.06,1.07,799705,4718418,128,129
1005502,IT1011A,2017-07-11,25.5,18.4,32.2,0,0,53.3,0.4,1.4,1.4560219778561034,1.93090054464712,2.33452350598575,195.94539590092285,953,273.2,0.1,1.85,0.02,2.18,799705,4718418,128,129
1005502,IT1011A,2017-05-16,16.4,9.2,23,0,0.7,70.3,-0.9,-1.7,1.9235384061671343,2.20486921013073,0.806225774829855,27.89727103094765,958.7,253.9,0.06,1.59,0.04,1.81,799705,4718418,128,129
1005502,IT1011A,2017-08-17,25.8,17.6,32.7,0,0.1,50.3,-0.3,-0.8,0.8544003745317532,2.87828132680195,1,20.556045219583467,953.2,230.5,0.03,2.52,0.02,3,799705,4718418,128,129
1005502,IT1011A,2017-08-21,21.4,16.2,27,0,0.2,51.5,-1,-2,2.23606797749979,4.30824935226286,0.6082762530298219,26.565051177077976,952.5,240.2,0.4,1.92,0.2,2.02,799705,4718418,128,129
1005502,IT1011A,2017-10-19,14.7,10.2,20.5,0,0,72.8,-0.1,0.3,0.31622776601683794,1.43113155290789,0.5,161.56505117707798,953.9,136.6,0.01,0.83,0.01,1.09,799705,4718418,128,129
1005502,IT1011A,2018-02-03,5.2,2.5,7.6,24.4,25.6,97.1,0.2,2.5,2.5079872407968904,1.87121840871473,2.6305892875931813,184.57392125990089,935,39.8,0.8,0.98,0.4,1.05,799705,4718418,128,129
1005502,IT1011A,2018-02-08,4.7,2.5,7.8,1.7,6,91.5,-0.2,0.8,0.8246211251235323,1.93555768107297,0.7810249675906654,165.9637565320735,948.1,69,0.01,0.39,0.01,1.03,799705,4718418,128,129
1005502,IT1011A,2017-01-27,1.6,-3,8.3,0,0,74.5,-0.6,-0.2,0.6324555320336759,1.73748576843309,0.7810249675906654,71.56505117707798,960.5,104.8,0.01,0.35,0.01,0.56,799705,4718418,128,129
1005502,IT1011A,2017-08-22,21.1,13.9,27.9,0,0,45.3,-0.3,-1.5,1.5297058540778354,1.51742844671109,2.23606797749979,11.30993247402023,953.5,243.3,0.14,1.71,0.04,2.01,799705,4718418,128,129
1005502,IT1011A,2017-06-10,22.6,16,28.5,0,0,47.5,0.4,-0.4,0.5656854249492381,1.6737732036806,0.5,315,953.1,250.5,0.01,1.85,0.01,2.29,799705,4718418,128,129
1005502,IT1011A,2017-10-26,12.4,5.1,19.6,0,0,68.7,-0.4,0,0.4,1.63788523010441,1.8681541692269408,90,961.1,129.2,0.04,0.51,0.01,0.64,799705,4718418,128,129
1005502,IT1011A,2017-07-29,24,17.2,30.8,0,0,67.4,0.4,0.7,0.8062257748298549,1.42801440535237,1.4317821063276353,209.74488129694225,953.8,256.5,0.04,1.62,0.01,1.98,799705,4718418,128,129
1005502,IT1011A,2017-11-29,6.6,4.3,8.2,31.3,1.4,96.8,-0.7,1.9,2.0248456731316584,1.94815767388372,0.7810249675906654,159.77514056883192,942,20,0.25,0.77,0.03,0.84,799705,4718418,128,129
1005502,IT1011A,2016-12-03,5.8,0.7,11,0,0,86.9,-0.7,0,0.7,1.33633370260389,0.4242640687119285,90,953.6,66.9,0.02,0.68,0.01,0.82,799705,4718418,128,129
1005502,IT1011A,2017-07-14,24.8,19.8,29.3,2.5,0,61.4,0.1,-0.3,0.31622776601683794,3.66475907668153,0.447213595499958,341.565051177078,947.5,212,0.05,1.61,0.02,1.67,799705,4718418,128,129
1005502,IT1011A,2017-08-16,25.5,18.8,32.1,0.1,0,49.4,0,-1,1,1.87114653372217,1.1,360,954.4,229.4,0.02,2.18,0.02,2.9,799705,4718418,128,129
1005502,IT1011A,2018-01-09,8.9,5.6,11.6,24.1,0,93.3,-0.5,1.7,1.772004514666935,2.94568333239092,1.2369316876852985,163.6104596659652,955,30.8,0.78,1.1,0.1,1.31,799705,4718418,128,129
1005502,IT1011A,2018-01-25,5.9,2.5,10.5,0,0,80.8,-0.4,0.4,0.5656854249492381,1.29094270679668,0.6403124237432849,135,961.6,89.1,0.01,0.45,0.01,0.71,799705,4718418,128,129
1005502,IT1011A,2017-01-01,1.4,-2.7,6.9,0,0,67.9,-0.8,0.3,0.8544003745317532,1.47379678726381,1.063014581273465,110.55604521958348,959.3,81.4,0.01,0.26,0.01,0.36,799705,4718418,128,129
1005502,IT1011A,2017-05-07,12.2,9.1,16.7,12.4,4.1,89.9,0.7,0.4,0.8062257748298549,2.448870467663,1.4317821063276353,240.25511870305775,946.1,151,0.33,1.23,0.03,1.31,799705,4718418,128,129
1005502,IT1011A,2017-03-16,8.4,0.6,16.8,0,0,68.3,-0.7,-1.1,1.3038404810405295,2.1845266543211,1.7029386365926402,32.47119229084848,957.6,190.5,0.03,1.29,0.02,1.57,799705,4718418,128,129
1005502,IT1011A,2017-06-09,21,12.3,27.8,0,0,52.1,0.5,-0,0.5,2.16653240402585,1.315294643796591,270,952.5,287.4,0.02,1.7,0.02,2.11,799705,4718418,128,129
1005502,IT1011A,2017-10-15,15.9,7.9,23.9,0,0,62.8,-0.4,-0.3,0.5,1.62938730122234,0.5,53.13010235415598,963.2,151.3,0.02,0.56,0.01,0.76,799705,4718418,128,129
1005502,IT1011A,2016-12-01,3,-1.9,7.4,0,0,74.2,-0.6,-0.4,0.7211102550927979,2.32872469999401,1.1704699910719625,56.30993247402023,959,75,0.01,0.34,0.01,0.36,799705,4718418,128,129
1005502,IT1011A,2016-12-02,5.9,3.6,9.3,0,0,84,-0.3,0.3,0.4242640687119285,2.4581151174154,0.7211102550927979,135,952.8,50.4,0.02,0.38,0.01,0.49,799705,4718418,128,129
1005502,IT1011A,2017-08-09,28.5,21.5,35.5,0.2,0,43.7,0.2,1.9,1.91049731745428,3.82269952841291,1.5132745950421556,186.0090059574945,951.5,251.8,0.05,1.8,0.03,2.14,799705,4718418,128,129
1005502,IT1011A,2017-11-10,8.8,6.4,13,1.5,4,92.3,-0.5,-0.7,0.8602325267042626,3.249266618233,1.16619037896906,35.537677791974374,952.3,53.2,0.04,0.17,0.03,0.38,799705,4718418,128,129
1005502,IT1011A,2017-12-02,2.5,-2.1,8.2,0.1,0.4,87.7,-0.9,-0.8,1.2041594578792296,4.75311413239557,1.0295630140987,48.36646066342982,943.6,57.7,0.02,0.41,0.02,0.83,799705,4718418,128,129
1005502,IT1011A,2017-12-04,2.2,-1.4,7,0.7,2.9,86,-0.3,-1,1.044030650891055,1.97509030702394,0.806225774829855,16.699244233993625,958.1,75.6,0.06,0.52,0.02,0.75,799705,4718418,128,129
1005502,IT1011A,2017-12-05,2.1,-2.3,8.7,0,0.7,75.9,-0.7,-0.6,0.9219544457292886,2.6285372855566,1.044030650891055,49.39870535499551,965.6,81.7,0.02,0.36,0.01,0.47,799705,4718418,128,129
1005502,IT1011A,2017-12-07,5.1,2,9.2,0,0,79.9,-0.5,0.7,0.8602325267042626,2.27393429302325,0.7280109889280517,144.46232220802565,965.4,62.8,0.01,0.61,0.01,0.82,799705,4718418,128,129
1005502,IT1011A,2017-05-17,17.1,9.8,23.8,0,0,64.2,-0.9,-1.5,1.7492855684535902,2.67602058415966,1.9235384061671343,30.96375653207352,956,266,0.04,1.95,0.03,2.26,799705,4718418,128,129
1005502,IT1011A,2018-01-03,3.3,-2.3,9,3.2,2.4,80.9,-0.9,1.1,1.4212670403551897,3.38864064176458,0.6403124237432849,140.7105931374996,948.2,65.7,0.02,0.48,0.01,0.66,799705,4718418,128,129
1005502,IT1011A,2017-06-28,24,17.2,32,9.1,0.2,64,-0.1,2.7,2.701851217221259,5.48136398786276,2,177.87890360333853,943.6,232,0.35,1.79,0.13,2.84,799705,4718418,128,129
1005502,IT1011A,2017-09-30,14.4,8.4,20,0,0,72.8,-0.1,-0.6,0.6082762530298219,1.44356178136303,1.3601470508735445,9.462322208025626,954.5,173.2,0.04,1.34,0.02,1.54,799705,4718418,128,129
1005502,IT1011A,2017-10-01,14.7,10.5,19.4,2.3,0,77.9,-0,0.1,0.1,1.41548835711901,0.6082762530298219,180,955.3,122.9,0.02,1.18,0.01,1.18,799705,4718418,128,129
1005502,IT1011A,2018-01-17,7.4,1.5,10.2,4.9,5.5,75.7,1.4,0.2,1.414213562373095,6.13450019618715,1.9026297590440449,261.86989764584405,941.7,67.8,0.39,1.72,0.34,1.9,799705,4718418,128,129
1005502,IT1011A,2017-01-15,-0.3,-3.6,3.5,3.2,0,80.6,-0.9,-1.1,1.4212670403551897,4.8305955782434,0.806225774829855,39.289406862500385,943.7,38.2,0.03,0.8,0.03,1.14,799705,4718418,128,129
1005502,IT1011A,2017-02-04,8.6,7,10.8,12.9,3.6,96.8,0.2,2.4,2.4083189157584592,5.79067372078083,2.5079872407968904,184.76364169072616,948.1,50,0.91,0.82,0.3,1.07,799705,4718418,128,129
1005502,IT1011A,2017-09-10,17.9,16.1,19.9,15.8,0,82.2,-1.1,1.8,2.1095023109728985,3.87041096695391,2.0024984394500787,148.5704343851615,940.5,57.4,0.46,0.11,0.05,0.84,799705,4718418,128,129
1005502,IT1011A,2017-12-30,2.6,-3.3,6.9,0,1.1,81.9,-1,0.4,1.077032961426901,1.64203407531655,1.140175425099138,111.80140948635182,951,33.8,0.02,0.16,0.01,0.32,799705,4718418,128,129
1005502,IT1011A,2018-01-06,7.9,3.7,12.9,0,0.2,88,-0.9,0.8,1.2041594578792296,1.64701536082836,1.140175425099138,131.63353933657018,948.3,67.9,0.06,0.53,0.01,0.73,799705,4718418,128,129
1005502,IT1011A,2017-02-18,6,0.8,10.3,2.7,0.8,80.7,-0.6,-0.9,1.0816653826391966,4.00554480541096,0.8246211251235323,33.69006752597977,955.8,127.1,0.15,0.93,0.02,1.26,799705,4718418,128,129
1005502,IT1011A,2017-06-19,22.2,13.6,29.3,0,0,50.5,-0.3,-0.9,0.9486832980505138,2.03415667512884,2.0248456731316584,18.434948822922024,956.1,285,0.05,1.96,0.05,2.38,799705,4718418,128,129
1005502,IT1011A,2018-02-13,2.1,-1,5.8,1.5,7.4,87.1,0,-1.4,1.4,2.9898716157015,1.4422205101855958,360,943.9,99.3,0.03,0.91,0.02,1.02,799705,4718418,128,129
1005502,IT1011A,2016-12-28,2.9,-2.1,9.1,0,0,76.3,-0.5,-1.2,1.3,1.7575249679272,1.0816653826391966,22.61986494804043,966.1,78.9,0.04,0.53,0.04,0.72,799705,4718418,128,129
1005502,IT1011A,2017-04-17,13,8.1,17.9,0.7,0.5,59.8,-0.3,-0.9,0.9486832980505138,4.29777056425064,0.9486832980505138,18.434948822922024,947.6,238.4,0.02,1.62,0.01,1.86,799705,4718418,128,129
1005502,IT1011A,2016-11-24,10.7,5,17.3,0.9,0,88.4,-1,0.2,1.019803902718557,1.74818027276959,0.9055385138137416,101.3099324740202,953.9,65.8,0.02,0.71,0.02,1.14,799705,4718418,128,129
1005502,IT1011A,2017-04-12,14.3,5.9,20.4,0.2,0.6,68.1,0,-0,0,1.7328859055744,0.4,270,952.9,215.8,0.01,1.67,0.01,1.98,799705,4718418,128,129
1005502,IT1011A,2017-11-07,8.5,4.2,12.6,2,2.8,81.3,-0.4,0.3,0.5,2.2432895058572,1.7262676501632068,126.86989764584402,944.7,94.1,0.05,1.37,0.01,1.37,799705,4718418,128,129
1005502,IT1011A,2017-12-25,5.6,3.2,9.6,0,0,70.6,-0.5,0.1,0.5099019513592785,1.75374482362341,0.9848857801796104,101.3099324740202,961.6,74.2,0.02,0.26,0.01,0.39,799705,4718418,128,129
1005502,IT1011A,2017-06-29,20.9,17.5,24.7,4.5,9.1,72.7,0.8,2.6,2.7202941017470885,1.59474449810239,2.701851217221259,197.10272896905235,944.5,232.1,0.39,2.01,0.31,2.01,799705,4718418,128,129
1005502,IT1011A,2017-09-29,14.5,9,20.9,0,0.1,76.5,-0.4,-1.3,1.3601470508735445,3.92647930438184,1.392838827718412,17.10272896905235,956.6,171,0.05,1.16,0.04,1.48,799705,4718418,128,129
1005502,IT1011A,2017-10-28,11.3,5.8,16.3,0,0.2,60.6,-0.4,-1.3,1.3601470508735445,2.08150385253831,0.7211102550927979,17.10272896905235,952.9,126.8,0.46,1.25,0.01,1.26,799705,4718418,128,129
1005502,IT1011A,2018-01-16,6.2,3.7,8.1,5.5,0.3,97.6,0.1,1.9,1.9026297590440449,1.18466558596982,0.7071067811865476,183.01278750418336,949.3,22.6,0.22,0.74,0.19,0.8,799705,4718418,128,129
1005502,IT1011A,2017-01-06,-4.2,-5.8,-2.8,0.5,3.4,62.9,-0.9,-3.6,3.710795063055895,1.38823565993057,2.4331050121192876,14.03624346792651,955.2,78.8,1.2,1.87,1.1,2.03,799705,4718418,128,129
1005502,IT1011A,2017-05-10,12.9,7.2,18.1,0.3,4.7,79.9,-0.1,0.7,0.7071067811865475,2.00503864422685,0.58309518948453,171.869897645844,947.3,203.4,0.04,1.34,0.02,1.47,799705,4718418,128,129
1005502,IT1011A,2017-05-19,17.4,11.7,22.7,2.7,0,65.2,0,1.3,1.3,4.09685530637247,0.4,180,951.4,247.5,0.02,1.92,0.02,1.96,799705,4718418,128,129
1005502,IT1011A,2017-07-03,20.8,13.8,26.8,0,0.2,61.6,-0.4,-1.6,1.6492422502470645,2.53546520967457,1.5297058540778354,14.03624346792651,954,256.1,0.05,2.18,0.03,2.34,799705,4718418,128,129
1005502,IT1011A,2018-02-01,6.8,4.9,9.3,2.9,0.8,92.8,-0.2,2.9,2.9068883707497264,1.43031938188883,1.1704699910719625,176.05481377096245,947,61,0.31,1.09,0.31,1.09,799705,4718418,128,129
1005502,IT1011A,2017-03-26,10.1,7,13.7,1.3,0.2,73,0.8,-0.5,0.9433981132056604,3.96841202694262,0.7280109889280517,302.0053832080835,953.8,187.7,0.08,1.41,0.08,1.72,799705,4718418,128,129
1005502,IT1011A,2016-12-16,3.8,0.7,9.2,0,0,88.2,-0.6,-0.9,1.0816653826391966,4.16331235640702,1.063014581273465,33.69006752597977,961,64.9,0.04,0.6,0.04,0.91,799705,4718418,128,129
1005502,IT1011A,2017-04-13,13.5,8.2,19,0,0.2,76.5,0.3,1.2,1.2369316876852985,2.70147655431166,0,194.03624346792645,950.2,225.4,0.05,1.33,0.03,1.33,799705,4718418,128,129
1005502,IT1011A,2017-07-10,25.4,18.9,31.5,0,0,42.2,0.4,2.3,2.33452350598575,4.0146186787273,0.9486832980505138,189.86580694308435,951,281.1,0.11,2,0.1,2.13,799705,4718418,128,129
1005502,IT1011A,2017-12-01,2.7,-1.1,7.4,0.4,7.1,87.2,-0.9,0.5,1.0295630140987,2.8723642814522,1.118033988749895,119.05460409907712,943.1,66.7,0.02,0.97,0.02,1.22,799705,4718418,128,129
1005502,IT1011A,2017-01-03,4.2,-0.9,8,16.3,0.9,95.3,-0.7,-0.1,0.7071067811865475,2.69805225730696,1.2041594578792296,81.86989764584402,951.3,42.6,0.12,0.36,0.06,0.52,799705,4718418,128,129
1005502,IT1011A,2017-02-22,6.2,2.2,10.4,0.1,0,84.9,-0.3,0.9,0.9486832980505138,3.01389975362852,0.5,161.56505117707798,954.9,82.9,0.01,0.81,0.01,0.93,799705,4718418,128,129
1005502,IT1011A,2017-03-01,8.5,5,12,8.3,4.1,78,0.9,1.1,1.4212670403551897,1.64447534080535,3.0016662039607267,219.28940686250036,946.6,149.9,0.84,1.69,0.02,1.72,799705,4718418,128,129
1005502,IT1011A,2017-09-24,15,10.6,19.5,0,0,74,0.1,-0.2,0.223606797749979,1.69630467633826,0.4123105625617661,333.434948822922,954.3,155.1,0.02,1.22,0.01,1.23,799705,4718418,128,129
1005502,IT1011A,2017-10-10,14.4,10.2,19,0,0,74.6,-0.2,-0.1,0.223606797749979,2.06091722430289,0.4242640687119285,63.434948822922024,954.4,125.7,0.01,1.33,0.01,1.41,799705,4718418,128,129
1005502,IT1011A,2018-02-10,3,-1.3,9.1,0,0,80.8,-0.8,-1.6,1.788854381999832,3.30249729280903,0.447213595499958,26.565051177077976,942.9,113.9,0.03,1.24,0.03,1.33,799705,4718418,128,129
1005502,IT1011A,2017-01-10,-1.3,-4.1,2.8,0,0.1,79.6,-0.6,-0.9,1.0816653826391966,3.17172723236223,1.8248287590894656,33.69006752597977,945.3,65.6,0.07,0.6,0.05,0.85,799705,4718418,128,129
1005502,IT1011A,2017-02-05,8.2,4.9,10.5,7.6,12.9,97.6,-0.5,2.3,2.3537204591879637,1.96174254995079,2.4083189157584592,167.73522627210758,943.6,34.7,0.32,0.78,0.1,0.88,799705,4718418,128,129
1005502,IT1011A,2017-05-05,14.3,9.2,19.2,0,1.4,66,0.2,0.2,0.28284271247461906,2.14056685041252,1.2369316876852985,225,951.7,241.1,0.06,1.6,0.01,1.87,799705,4718418,128,129
1005502,IT1011A,2017-05-11,16.1,8.6,22.7,0.8,0.3,71.8,-0.4,1.1,1.1704699910719625,3.68130731516789,0.7071067811865475,160.01689347810003,944.3,235.1,0.02,1.42,0.02,1.47,799705,4718418,128,129
1005502,IT1011A,2017-10-13,15.3,9.6,21.1,0,0,73.4,-0.1,-0.5,0.5099019513592785,1.62388238297607,0.28284271247461906,11.30993247402023,961.3,151.4,0.02,0.92,0.02,1.14,799705,4718418,128,129
1005502,IT1011A,2017-03-28,8.2,0.3,15.3,0,0,65.4,-0.1,-0.4,0.4123105625617661,2.72220605953453,1.8788294228055935,14.03624346792651,956.7,214.2,0.06,1.26,0.02,1.95,799705,4718418,128,129
1005502,IT1011A,2017-11-11,9.1,4.6,14.2,0,1.5,87,-0.4,-0.2,0.447213595499958,1.5380003964922,0.8602325267042626,63.434948822922024,949.6,99.6,0.04,0.57,0.01,0.86,799705,4718418,128,129
1005502,IT1011A,2017-12-06,3.9,-0.3,9.2,0,0,68.2,-0.7,0.2,0.7280109889280517,1.3734306241912,0.9219544457292886,105.94539590092288,967.9,80.8,0.01,0.29,0.01,0.46,799705,4718418,128,129
1005502,IT1011A,2017-09-11,16.2,14.3,18.6,51.3,15.8,96,0.2,0.2,0.28284271247461906,1.63809139967141,2.1095023109728985,225,937.9,56.3,0.33,0.27,0.03,0.4,799705,4718418,128,129
1005502,IT1011A,2017-09-16,17.6,15.5,20.9,48,0.2,88.3,0.2,1.5,1.5132745950421556,2.81569055375629,1.7117242768623688,187.59464336859145,947.8,94.5,0.17,1.23,0.12,1.44,799705,4718418,128,129
1005502,IT1011A,2017-03-11,5.6,1.3,10.9,0,0,64.7,-0.5,-2.4,2.4515301344262523,1.58871250769947,2.08806130178211,11.768288932020653,952.1,182.4,0.67,1.48,0.06,1.56,799705,4718418,128,129
1005502,IT1011A,2017-09-27,15,9.9,20.5,0,0.7,77.9,-0.2,-0.8,0.8246211251235323,1.34090243938957,0.6324555320336759,14.03624346792651,956.2,150.9,0.05,1.33,0.03,1.5,799705,4718418,128,129
1005502,IT1011A,2018-02-09,3.8,-0.7,8.7,0,1.7,82.5,-0.2,-0.4,0.447213595499958,1.36003982318218,0.8246211251235323,26.565051177077976,949.7,111,0.04,0.82,0.02,1.23,799705,4718418,128,129
1005502,IT1011A,2017-09-23,15.1,10.5,20.5,0,0,73.4,-0.1,0.4,0.4123105625617661,2.93221996802283,0.1,165.9637565320735,957.1,171.3,0.02,1.45,0.01,1.57,799705,4718418,128,129
1005502,IT1011A,2017-06-14,24.3,18.2,30.6,0,0,52.9,0.6,0.6,0.848528137423857,2.42486646929698,0.6403124237432849,225,952,265.8,0.02,1.51,0.01,1.67,799705,4718418,128,129
1005502,IT1011A,2017-06-30,19.5,15.8,22.7,6.6,4.5,75.2,0.1,1.7,1.70293863659264,3.43979066958577,2.7202941017470885,183.3664606634298,948.9,107.6,0.6,0.86,0.26,1.15,799705,4718418,128,129
1005502,IT1011A,2018-02-05,4.1,-1.2,9.9,0.1,1.5,80,-0.5,0.2,0.5385164807134505,3.71876518816613,0.31622776601683794,111.80140948635182,952.6,93.1,0.02,1.07,0.02,1.4,799705,4718418,128,129
1005502,IT1011A,2017-04-16,13.5,9.5,18.3,0.5,0.8,72.6,-0.3,-0.9,0.9486832980505138,2.63032813698179,1.2165525060596438,18.434948822922024,947.4,191.5,0.05,1.36,0.01,1.72,799705,4718418,128,129
1005502,IT1011A,2017-07-27,21.9,16,27.7,0,0.2,57.3,0.5,-0,0.5,3.17217014242068,0.4123105625617661,270,947.5,254.4,0.04,2.19,0.02,2.42,799705,4718418,128,129
1005502,IT1011A,2017-08-03,31.4,24.1,37.8,0,0,33.7,0.4,-0.3,0.5,2.40191742416658,0.3,306.86989764584405,954.1,248.9,0.02,2.57,0.02,3.13,799705,4718418,128,129
1005502,IT1011A,2017-04-06,9.8,4.1,16.4,0.8,3.5,80.2,-0.2,-0.5,0.5385164807134505,2.26535358741807,0.58309518948453,21.801409486351815,950.7,178.6,0.02,1.35,0.01,1.49,799705,4718418,128,129
1005502,IT1011A,2017-07-20,24.6,18.5,31.4,0,0,42.3,0.4,0.8,0.894427190999916,2.67099762389055,0.8602325267042626,206.565051177078,951.7,271.7,0.02,1.5,0.01,1.73,799705,4718418,128,129
1005502,IT1011A,2017-01-18,1,-1.1,3.6,7.4,6.1,87.2,-0.9,-2.2,2.3769728648009427,1.74965879048052,2.6419689627245813,22.249023657212376,945.6,41.5,0.76,1.02,0.25,1.15,799705,4718418,128,129
1005502,IT1011A,2018-01-08,8.6,2.6,16.6,0,0,79.9,-1.2,0.3,1.2369316876852985,5.01176909723414,1.503329637837291,104.03624346792648,954.2,78.4,0.02,0.69,0.02,1.3,799705,4718418,128,129
1005502,IT1011A,2017-03-17,9.4,1.8,17.1,0,0,68.3,-0.2,0.1,0.223606797749979,1.90929691286658,1.3038404810405295,116.56505117707798,955.1,193.8,0.02,1.03,0.01,1.24,799705,4718418,128,129
1005502,IT1011A,2017-01-13,4.5,-3,8,34.7,1,97,0.4,2.2,2.23606797749979,5.02006846438847,1.7,190.304846468766,940.7,12.6,0.49,0.91,0.03,0.95,799705,4718418,128,129
1005502,IT1011A,2017-04-25,11.4,5.2,17.6,0,0,68,0.1,1.6,1.60312195418814,3.53312444769093,1.004987562112089,183.57633437499737,951.7,250.9,0.02,1.36,0.02,1.47,799705,4718418,128,129
1005502,IT1011A,2017-05-01,11.8,6,17.3,1.5,0,73.2,0.1,1.9,1.9026297590440449,3.73334602494625,0.223606797749979,183.01278750418336,949.4,230.1,0.02,1.37,0.02,1.44,799705,4718418,128,129
1005502,IT1011A,2017-05-06,14.3,7.5,20.7,4.1,0,70.9,-0.3,1.4,1.4317821063276353,1.68994943646778,0.28284271247461906,167.9052429229879,949.5,165.1,0.02,0.21,0.01,1.58,799705,4718418,128,129
1005502,IT1011A,2017-05-09,11.8,5.2,18.1,4.7,17.3,85.8,-0.3,-0.5,0.58309518948453,1.65929304061064,0.6324555320336759,30.96375653207352,944.9,210.7,0.03,1.44,0.02,1.65,799705,4718418,128,129
1005502,IT1011A,2017-09-06,19.7,14.6,25.2,0.5,0,68,0.3,1.2,1.2369316876852985,2.63294036177822,0.36055512754639896,194.03624346792645,954.6,163.2,0.03,1.75,0.02,1.75,799705,4718418,128,129
1005502,IT1011A,2018-01-05,8.8,6.4,13,0.2,0.8,88.2,-0.7,0.9,1.140175425099138,2.5788392262842,1.140175425099138,142.1250163489018,946,56.4,0.05,0.31,0.01,0.47,799705,4718418,128,129
1005502,IT1011A,2017-11-09,8.7,6.1,12.3,4,0.1,84.1,-0.6,1,1.16619037896906,1.53782141011228,0.36055512754639896,149.03624346792648,954,62.4,0.1,1.03,0.02,1.11,799705,4718418,128,129
1005502,IT1011A,2017-07-18,22.9,13.8,30.9,0,0,45.5,0.3,0.2,0.36055512754639896,2.03582524370369,2.0248456731316584,236.3099324740202,955.1,277.8,0.04,1.85,0.03,2.22,799705,4718418,128,129
1005502,IT1011A,2017-07-31,27.4,19.2,35.1,0,0,47.2,0.1,-0.2,0.223606797749979,1.77704925229912,0.894427190999916,333.434948822922,954,255.2,0.01,1.59,0.01,2.66,799705,4718418,128,129
1005502,IT1011A,2017-05-03,13.2,8.3,18.1,0.1,0,61.5,0.4,0.1,0.4123105625617661,2.7918166433407,0.5,255.96375653207352,953.4,228.5,0.03,1.89,0.02,2.04,799705,4718418,128,129
1005502,IT1011A,2017-12-19,-0.5,-3.2,4.1,0,0,78.6,-0.6,-0.9,1.0816653826391966,2.20634665133352,1.140175425099138,33.69006752597977,961.4,77.6,0.04,0.91,0.04,1.11,799705,4718418,128,129
1005502,IT1011A,2017-06-26,24.9,17.7,31.3,0,1.2,54.5,0.4,0.4,0.5656854249492381,2.06706118883314,1.746424919657298,225,950.2,263,0.05,2.02,0.02,2.43,799705,4718418,128,129
1005502,IT1011A,2017-10-04,16.3,10.2,22,0,0,75.5,-0.3,0,0.3,1.67585194761948,0.9486832980505138,90,958.8,159.3,0.01,1.49,0.01,1.6,799705,4718418,128,129
1005502,IT1011A,2017-10-08,11.5,5.9,16.9,0,0,71.9,-0.5,1,1.118033988749895,2.98049358917303,2.247220505424423,153.43494882292202,953.3,138.1,0.02,1.13,0.01,1.41,799705,4718418,128,129
1005502,IT1011A,2016-12-05,7.3,3.2,12.3,0,0,86.1,-0.6,-0.3,0.6708203932499369,1.72896600906432,0.7810249675906654,63.434948822922024,960.8,76.2,0.03,0.47,0.01,0.8,799705,4718418,128,129
1005502,IT1011A,2017-03-19,10.2,5.5,14.8,0.1,0.1,83.2,-0.2,1.2,1.2165525060596438,1.8490749055027,2.33452350598575,170.53767779197435,948.9,119.9,0.1,0.69,0.03,0.82,799705,4718418,128,129
1005502,IT1011A,2017-11-08,7.4,3,11.5,0.1,2,85,-0.3,0.2,0.36055512754639896,1.61344989032731,0.5,123.69006752597976,949.8,71.1,0.02,0.86,0.01,1.15,799705,4718418,128,129
1005502,IT1011A,2017-11-26,7.8,3.5,10.5,13.2,1.3,93.9,-0,0.6,0.6,4.21521987577932,2.280350850198276,180,947.7,50.5,0.67,0.74,0.47,0.77,799705,4718418,128,129
1005502,IT1011A,2017-01-23,3.6,0.5,8.1,0.8,0,93,-1.1,-0.7,1.3038404810405295,4.45467713604737,1.5652475842498528,57.52880770915152,951.5,38.4,0.06,0.21,0.06,0.34,799705,4718418,128,129
1005502,IT1011A,2017-09-08,18.8,13.6,24.5,0.1,2.4,68.9,0,0.8,0.8,2.19670937933036,1.7,180,948.5,186.2,0.04,1.64,0.02,1.83,799705,4718418,128,129
1005502,IT1011A,2018-01-14,3.7,0.9,7.2,0.7,0,90.3,-0.4,0.1,0.4123105625617661,1.65333711462721,1.4560219778561034,104.03624346792648,953.7,47.8,0.03,0.62,0.02,0.8,799705,4718418,128,129
1005502,IT1011A,2017-02-21,4.6,-1.6,10.9,0,0.1,74.9,-0.3,0.4,0.5,2.77684987545302,0.6708203932499369,143.13010235415598,955.9,139.8,0.02,0.76,0.01,0.99,799705,4718418,128,129
1005502,IT1011A,2017-10-12,15.3,11.2,20.2,0,0,68,-0.2,-0.2,0.28284271247461906,1.48717315954863,0.36055512754639896,45,960.4,145.8,0.02,1.2,0.01,1.33,799705,4718418,128,129
1005502,IT1011A,2017-03-22,10.8,5.3,14.9,0.5,0.1,87.2,-0.1,1.4,1.40356688476182,3.93558203448516,0.31622776601683794,175.91438322002512,949.1,135.9,0.01,1.23,0.01,1.23,799705,4718418,128,129
1005502,IT1011A,2017-03-25,12.6,5.7,19.6,0.2,0,75.1,-0.2,0.7,0.7280109889280517,1.61796507482842,0.223606797749979,164.05460409907715,955.7,193.6,0.01,1.6,0.01,1.85,799705,4718418,128,129
1005502,IT1011A,2017-04-21,5.5,-0.5,11.1,0,0.2,59.3,-0.6,-1.8,1.8973665961010275,3.55003507278324,2.2561028345356955,18.434948822922024,960.4,245.4,0.05,2,0.03,2.46,799705,4718418,128,129
1005502,IT1011A,2017-07-28,22.1,16,27.9,0,0,67.2,0.3,1.4,1.4317821063276353,2.79110398355078,0.5,192.0947570770121,950.8,241.8,0.05,1.42,0.04,1.71,799705,4718418,128,129
1005502,IT1011A,2017-11-18,7.3,3.7,12.4,0,0,85.4,-0.5,-1.3,1.392838827718412,3.47234651717963,1.1704699910719625,21.03751102542182,949.7,80,0.06,0.79,0.05,1.01,799705,4718418,128,129
1005502,IT1011A,2017-11-19,5.9,0.9,11,0,0,81,-0.3,-0.4,0.5,3.10548637419893,1.392838827718412,36.86989764584402,949.2,94.4,0.05,0.65,0.01,0.79,799705,4718418,128,129
1005502,IT1011A,2017-01-22,2.5,-1.7,8.7,0,0,89.1,-1.4,-0.7,1.5652475842498528,2.265940925496,1.4317821063276357,63.434948822922024,956.8,74.2,0.07,0.46,0.06,0.53,799705,4718418,128,129
1005502,IT1011A,2017-05-25,17.7,12.6,23.4,0.7,0.1,61.7,-0.6,-1,1.16619037896906,3.63677123493167,0.4123105625617661,30.96375653207352,951.4,248.4,0.05,1.84,0.02,2.17,799705,4718418,128,129
1005502,IT1011A,2017-08-31,24.8,19.9,31.1,0.7,0,56.9,0.3,1.1,1.140175425099138,2.96611074005909,0.31622776601683794,195.25511870305775,953.6,192,0.05,1.41,0.02,1.81,799705,4718418,128,129
1005502,IT1011A,2017-12-26,5.4,2.6,8.4,0.4,0,89,-0.7,1.6,1.746424919657298,3.89821349852478,0.5099019513592785,156.3706222693432,953.8,35.2,0.04,0.73,0.04,0.9,799705,4718418,128,129
1005502,IT1011A,2017-12-31,6.1,1.3,11.3,0.3,0,88.4,-0.6,0.7,0.9219544457292886,0.9719622532249,1.077032961426901,139.3987053549955,954.9,66.3,0.01,0.3,0.01,0.51,799705,4718418,128,129
1005502,IT1011A,2017-06-17,24.9,19.9,30.7,0.2,0.2,59.3,-0.4,-1.1,1.1704699910719625,1.76982097225027,0.6082762530298219,19.98310652189997,950.4,238.8,0.03,1.77,0.02,2.14,799705,4718418,128,129
1005502,IT1011A,2017-06-18,21.2,16.4,25.7,0,0.2,46.6,-1.1,-1.7,2.0248456731316584,3.23642451210738,1.1704699910719625,32.905242922987924,954,286.1,0.05,2.13,0.05,2.22,799705,4718418,128,129
